codon	aa_seq1	class1	class2	class3	class4	class5	class6	class7	class8	class9	class10	class11	bestClass	omegaPostMean	omegaSE
1	M	0.61931	0.10609	0.06751	0.04839	0.03661	0.02859	0.02289	0.01884	0.01646	0.02741	0.00789	1	0.202	0.320
2	S	0.55821	0.10044	0.06753	0.05117	0.04092	0.03378	0.02859	0.02489	0.02302	0.04072	0.03074	1	0.299	0.544
3	S	0.00472	0.00791	0.01475	0.02178	0.02858	0.03496	0.04094	0.04696	0.05510	0.12030	0.62401	11	2.388	1.502
4	S	0.57635	0.10237	0.06787	0.05070	0.03997	0.03254	0.02715	0.02330	0.02124	0.03700	0.02151	1	0.263	0.464
5	S	0.09608	0.05055	0.05648	0.05981	0.06144	0.06200	0.06206	0.06249	0.06583	0.13376	0.28951	11	1.277	1.284
6	W	0.53687	0.09793	0.06681	0.05136	0.04167	0.03491	0.02998	0.02649	0.02485	0.04467	0.04446	1	0.349	0.648
7	L	0.55778	0.10039	0.06752	0.05118	0.04094	0.03381	0.02862	0.02493	0.02306	0.04081	0.03097	1	0.299	0.546
8	L	0.58051	0.10278	0.06790	0.05054	0.03971	0.03221	0.02678	0.02291	0.02080	0.03611	0.01976	1	0.256	0.448
9	L	0.09446	0.04981	0.05574	0.05911	0.06080	0.06143	0.06157	0.06208	0.06548	0.13317	0.29635	11	1.299	1.299
10	S	0.57877	0.10261	0.06790	0.05062	0.03983	0.03236	0.02694	0.02308	0.02099	0.03649	0.02040	1	0.259	0.454
11	L	0.58051	0.10278	0.06790	0.05054	0.03971	0.03221	0.02678	0.02291	0.02080	0.03611	0.01976	1	0.256	0.448
12	V	0.59996	0.10455	0.06785	0.04962	0.03829	0.03051	0.02492	0.02094	0.01867	0.03179	0.01290	1	0.227	0.379
13	A	0.59762	0.10436	0.06789	0.04976	0.03849	0.03074	0.02516	0.02119	0.01894	0.03232	0.01353	1	0.230	0.386
14	V	0.58878	0.10356	0.06791	0.05018	0.03914	0.03152	0.02601	0.02209	0.01991	0.03428	0.01662	1	0.243	0.418
15	T	0.13512	0.06683	0.07193	0.07352	0.07297	0.07119	0.06895	0.06724	0.06869	0.13613	0.16743	11	0.892	0.974
16	A	0.59762	0.10436	0.06789	0.04976	0.03849	0.03074	0.02516	0.02119	0.01894	0.03232	0.01353	1	0.230	0.386
17	A	0.59762	0.10436	0.06789	0.04976	0.03849	0.03074	0.02516	0.02119	0.01894	0.03232	0.01353	1	0.230	0.386
18	Q	0.55584	0.10017	0.06747	0.05121	0.04102	0.03393	0.02877	0.02509	0.02324	0.04119	0.03207	1	0.303	0.554
19	S	0.56316	0.10098	0.06765	0.05107	0.04069	0.03347	0.02822	0.02448	0.02255	0.03974	0.02800	1	0.288	0.521
20	T	0.57147	0.10187	0.06780	0.05085	0.04025	0.03290	0.02756	0.02375	0.02173	0.03803	0.02379	1	0.272	0.485
21	I	0.13959	0.06833	0.07298	0.07407	0.07303	0.07084	0.06824	0.06623	0.06739	0.13320	0.16610	11	0.888	0.983
22	E	0.59570	0.10418	0.06789	0.04985	0.03863	0.03091	0.02535	0.02138	0.01915	0.03275	0.01420	1	0.233	0.393
23	E	0.60220	0.10474	0.06782	0.04949	0.03811	0.03030	0.02469	0.02070	0.01842	0.03129	0.01224	1	0.224	0.372
24	Q	0.55584	0.10017	0.06747	0.05121	0.04102	0.03393	0.02877	0.02509	0.02324	0.04119	0.03207	1	0.303	0.554
25	A	0.57178	0.10190	0.06780	0.05084	0.04023	0.03288	0.02753	0.02372	0.02170	0.03796	0.02365	1	0.271	0.484
26	K	0.13220	0.06568	0.07088	0.07262	0.07226	0.07067	0.06860	0.06706	0.06866	0.13633	0.17505	11	0.916	0.997
27	T	0.58693	0.10339	0.06792	0.05028	0.03928	0.03169	0.02620	0.02228	0.02012	0.03470	0.01721	1	0.246	0.423
28	F	0.58878	0.10357	0.06793	0.05020	0.03916	0.03153	0.02603	0.02210	0.01992	0.03430	0.01648	1	0.243	0.416
29	L	0.54829	0.09930	0.06724	0.05130	0.04132	0.03435	0.02928	0.02567	0.02391	0.04262	0.03672	1	0.321	0.591
30	D	0.59264	0.10392	0.06791	0.05001	0.03887	0.03119	0.02565	0.02170	0.01949	0.03344	0.01518	1	0.237	0.403
31	K	0.59570	0.10418	0.06789	0.04985	0.03863	0.03091	0.02535	0.02138	0.01915	0.03275	0.01420	1	0.233	0.393
32	F	0.58878	0.10357	0.06793	0.05020	0.03916	0.03153	0.02603	0.02210	0.01992	0.03430	0.01648	1	0.243	0.416
33	N	0.59264	0.10392	0.06791	0.05001	0.03887	0.03119	0.02565	0.02170	0.01949	0.03344	0.01518	1	0.237	0.403
34	H	0.58307	0.10300	0.06788	0.05041	0.03951	0.03198	0.02652	0.02264	0.02051	0.03552	0.01896	1	0.252	0.441
35	E	0.60287	0.10479	0.06782	0.04945	0.03806	0.03024	0.02462	0.02063	0.01835	0.03114	0.01203	1	0.223	0.370
36	A	0.58207	0.10292	0.06790	0.05048	0.03960	0.03208	0.02664	0.02275	0.02063	0.03576	0.01916	1	0.254	0.442
37	E	0.60287	0.10479	0.06782	0.04945	0.03806	0.03024	0.02462	0.02063	0.01835	0.03114	0.01203	1	0.223	0.370
38	D	0.59264	0.10392	0.06791	0.05001	0.03887	0.03119	0.02565	0.02170	0.01949	0.03344	0.01518	1	0.237	0.403
39	L	0.54291	0.09866	0.06703	0.05133	0.04148	0.03462	0.02961	0.02606	0.02435	0.04359	0.04036	1	0.334	0.618
40	F	0.56742	0.10145	0.06774	0.05097	0.04048	0.03319	0.02789	0.02412	0.02214	0.03887	0.02574	1	0.280	0.502
41	Y	0.12569	0.06311	0.06856	0.07069	0.07075	0.06960	0.06795	0.06679	0.06874	0.13708	0.19104	11	0.965	1.041
42	Q	0.10991	0.05658	0.06238	0.06524	0.06620	0.06601	0.06530	0.06502	0.06775	0.13647	0.23915	11	1.115	1.169
43	S	0.14835	0.07187	0.07640	0.07716	0.07569	0.07301	0.06992	0.06745	0.06818	0.13393	0.13804	1	0.803	0.884
44	S	0.55821	0.10044	0.06753	0.05117	0.04092	0.03378	0.02859	0.02489	0.02302	0.04072	0.03074	1	0.299	0.544
45	L	0.58051	0.10278	0.06790	0.05054	0.03971	0.03221	0.02678	0.02291	0.02080	0.03611	0.01976	1	0.256	0.448
46	A	0.59762	0.10436	0.06789	0.04976	0.03849	0.03074	0.02516	0.02119	0.01894	0.03232	0.01353	1	0.230	0.386
47	S	0.57635	0.10237	0.06787	0.05070	0.03997	0.03254	0.02715	0.02330	0.02124	0.03700	0.02151	1	0.263	0.464
48	W	0.53687	0.09793	0.06681	0.05136	0.04167	0.03491	0.02998	0.02649	0.02485	0.04467	0.04446	1	0.349	0.648
49	N	0.61743	0.10593	0.06753	0.04851	0.03677	0.02878	0.02308	0.01905	0.01668	0.02784	0.00840	1	0.205	0.327
50	Y	0.58590	0.10329	0.06792	0.05032	0.03935	0.03177	0.02629	0.02238	0.02022	0.03493	0.01765	1	0.247	0.428
51	N	0.59264	0.10392	0.06791	0.05001	0.03887	0.03119	0.02565	0.02170	0.01949	0.03344	0.01518	1	0.237	0.403
52	T	0.57147	0.10187	0.06780	0.05085	0.04025	0.03290	0.02756	0.02375	0.02173	0.03803	0.02379	1	0.272	0.485
53	N	0.61624	0.10584	0.06756	0.04859	0.03688	0.02890	0.02321	0.01918	0.01682	0.02811	0.00869	1	0.206	0.331
54	I	0.60503	0.10497	0.06779	0.04933	0.03788	0.03003	0.02440	0.02040	0.01810	0.03065	0.01141	1	0.220	0.363
55	T	0.58904	0.10359	0.06792	0.05019	0.03913	0.03151	0.02600	0.02207	0.01989	0.03424	0.01643	1	0.242	0.416
56	E	0.60287	0.10479	0.06782	0.04945	0.03806	0.03024	0.02462	0.02063	0.01835	0.03114	0.01203	1	0.223	0.370
57	E	0.59570	0.10418	0.06789	0.04985	0.03863	0.03091	0.02535	0.02138	0.01915	0.03275	0.01420	1	0.233	0.393
58	N	0.61743	0.10593	0.06753	0.04851	0.03677	0.02878	0.02308	0.01905	0.01668	0.02784	0.00840	1	0.205	0.327
59	V	0.11876	0.06027	0.06587	0.06832	0.06878	0.06805	0.06681	0.06603	0.06832	0.13684	0.21196	11	1.030	1.100
60	Q	0.56051	0.10070	0.06759	0.05113	0.04082	0.03364	0.02842	0.02471	0.02280	0.04027	0.02941	1	0.294	0.533
61	N	0.59264	0.10392	0.06791	0.05001	0.03887	0.03119	0.02565	0.02170	0.01949	0.03344	0.01518	1	0.237	0.403
62	M	0.61931	0.10609	0.06751	0.04839	0.03661	0.02859	0.02289	0.01884	0.01646	0.02741	0.00789	1	0.202	0.320
63	N	0.61743	0.10593	0.06753	0.04851	0.03677	0.02878	0.02308	0.01905	0.01668	0.02784	0.00840	1	0.205	0.327
64	N	0.00898	0.01453	0.02615	0.03731	0.04733	0.05594	0.06330	0.07015	0.07948	0.16728	0.42954	11	1.745	1.355
65	A	0.59762	0.10436	0.06789	0.04976	0.03849	0.03074	0.02516	0.02119	0.01894	0.03232	0.01353	1	0.230	0.386
66	G	0.57923	0.10266	0.06790	0.05060	0.03980	0.03232	0.02690	0.02303	0.02094	0.03639	0.02023	1	0.258	0.452
67	D	0.00018	0.00090	0.00274	0.00556	0.00921	0.01353	0.01838	0.02390	0.03122	0.07484	0.81955	11	3.024	1.346
68	K	0.60287	0.10479	0.06782	0.04945	0.03806	0.03024	0.02462	0.02063	0.01835	0.03114	0.01203	1	0.223	0.370
69	W	0.53687	0.09793	0.06681	0.05136	0.04167	0.03491	0.02998	0.02649	0.02485	0.04467	0.04446	1	0.349	0.648
70	S	0.11263	0.05774	0.06351	0.06626	0.06709	0.06675	0.06589	0.06546	0.06806	0.13688	0.22972	11	1.086	1.144
71	A	0.10687	0.05529	0.06114	0.06411	0.06524	0.06522	0.06469	0.06456	0.06744	0.13611	0.24935	11	1.148	1.193
72	F	0.58878	0.10357	0.06793	0.05020	0.03916	0.03153	0.02603	0.02210	0.01992	0.03430	0.01648	1	0.243	0.416
73	L	0.09379	0.04952	0.05544	0.05883	0.06055	0.06122	0.06140	0.06194	0.06536	0.13299	0.29896	11	1.308	1.304
74	K	0.60194	0.10471	0.06782	0.04949	0.03812	0.03032	0.02471	0.02072	0.01845	0.03134	0.01237	1	0.224	0.373
75	E	0.60287	0.10479	0.06782	0.04945	0.03806	0.03024	0.02462	0.02063	0.01835	0.03114	0.01203	1	0.223	0.370
76	Q	0.55584	0.10017	0.06747	0.05121	0.04102	0.03393	0.02877	0.02509	0.02324	0.04119	0.03207	1	0.303	0.554
77	S	0.55448	0.10002	0.06743	0.05123	0.04108	0.03401	0.02886	0.02520	0.02336	0.04145	0.03287	1	0.306	0.561
78	T	0.00000	0.00004	0.00018	0.00052	0.00110	0.00198	0.00320	0.00483	0.00721	0.01968	0.96127	11	3.477	1.042
79	L	0.11553	0.05895	0.06465	0.06727	0.06793	0.06741	0.06638	0.06578	0.06824	0.13698	0.22088	11	1.058	1.122
80	A	0.57147	0.10187	0.06780	0.05085	0.04025	0.03290	0.02756	0.02375	0.02173	0.03803	0.02379	1	0.272	0.485
81	Q	0.56051	0.10070	0.06759	0.05113	0.04082	0.03364	0.02842	0.02471	0.02280	0.04027	0.02941	1	0.294	0.533
82	M	0.14482	0.07055	0.07526	0.07626	0.07505	0.07262	0.06976	0.06749	0.06842	0.13472	0.14507	11	0.825	0.905
83	Y	0.58645	0.10334	0.06792	0.05030	0.03931	0.03172	0.02624	0.02232	0.02017	0.03481	0.01743	1	0.246	0.426
84	P	0.56738	0.10144	0.06774	0.05097	0.04048	0.03319	0.02789	0.02412	0.02214	0.03888	0.02577	1	0.280	0.502
85	L	0.54803	0.09927	0.06723	0.05130	0.04132	0.03437	0.02929	0.02569	0.02393	0.04267	0.03691	1	0.321	0.592
86	Q	0.09882	0.05177	0.05769	0.06094	0.06245	0.06287	0.06279	0.06308	0.06631	0.13450	0.27878	11	1.242	1.261
87	E	0.14022	0.06878	0.07365	0.07492	0.07401	0.07188	0.06930	0.06730	0.06847	0.13522	0.15626	11	0.859	0.942
88	I	0.60581	0.10504	0.06778	0.04928	0.03781	0.02996	0.02432	0.02032	0.01801	0.03047	0.01119	1	0.219	0.360
89	Q	0.55624	0.10022	0.06748	0.05121	0.04101	0.03391	0.02874	0.02506	0.02320	0.04111	0.03183	1	0.303	0.553
90	N	0.61811	0.10598	0.06752	0.04846	0.03671	0.02871	0.02301	0.01897	0.01660	0.02769	0.00825	1	0.204	0.325
91	L	0.55819	0.10044	0.06753	0.05117	0.04092	0.03379	0.02859	0.02490	0.02302	0.04073	0.03073	1	0.298	0.544
92	T	0.58748	0.10344	0.06792	0.05026	0.03924	0.03164	0.02614	0.02223	0.02006	0.03458	0.01700	1	0.245	0.421
93	V	0.00489	0.00820	0.01524	0.02246	0.02942	0.03591	0.04197	0.04805	0.05627	0.12260	0.61500	11	2.358	1.501
94	K	0.59629	0.10424	0.06789	0.04982	0.03859	0.03086	0.02529	0.02132	0.01909	0.03262	0.01400	1	0.232	0.391
95	L	0.58103	0.10283	0.06790	0.05052	0.03968	0.03217	0.02673	0.02286	0.02075	0.03599	0.01954	1	0.255	0.446
96	Q	0.55624	0.10022	0.06748	0.05121	0.04101	0.03391	0.02874	0.02506	0.02320	0.04111	0.03183	1	0.303	0.553
97	L	0.54735	0.09919	0.06719	0.05130	0.04134	0.03439	0.02933	0.02573	0.02398	0.04278	0.03742	1	0.323	0.597
98	Q	0.55624	0.10022	0.06748	0.05121	0.04101	0.03391	0.02874	0.02506	0.02320	0.04111	0.03183	1	0.303	0.553
99	A	0.59821	0.10441	0.06788	0.04973	0.03844	0.03069	0.02510	0.02113	0.01887	0.03219	0.01334	1	0.229	0.384
100	L	0.58103	0.10283	0.06790	0.05052	0.03968	0.03217	0.02673	0.02286	0.02075	0.03599	0.01954	1	0.255	0.446
101	Q	0.55624	0.10022	0.06748	0.05121	0.04101	0.03391	0.02874	0.02506	0.02320	0.04111	0.03183	1	0.303	0.553
102	Q	0.56089	0.10074	0.06760	0.05112	0.04080	0.03362	0.02839	0.02467	0.02277	0.04019	0.02922	1	0.293	0.531
103	N	0.61811	0.10598	0.06752	0.04846	0.03671	0.02871	0.02301	0.01897	0.01660	0.02769	0.00825	1	0.204	0.325
104	G	0.58187	0.10291	0.06791	0.05049	0.03963	0.03211	0.02666	0.02278	0.02066	0.03581	0.01917	1	0.254	0.442
105	S	0.57685	0.10242	0.06787	0.05068	0.03994	0.03250	0.02711	0.02326	0.02119	0.03690	0.02128	1	0.262	0.462
106	S	0.55862	0.10048	0.06754	0.05116	0.04090	0.03376	0.02856	0.02486	0.02298	0.04064	0.03050	1	0.298	0.542
107	V	0.58154	0.10287	0.06789	0.05049	0.03963	0.03212	0.02668	0.02280	0.02069	0.03587	0.01940	1	0.254	0.445
108	L	0.55872	0.10049	0.06754	0.05116	0.04090	0.03375	0.02855	0.02485	0.02297	0.04062	0.03044	1	0.297	0.541
109	S	0.55862	0.10048	0.06754	0.05116	0.04090	0.03376	0.02856	0.02486	0.02298	0.04064	0.03050	1	0.298	0.542
110	E	0.60349	0.10485	0.06781	0.04942	0.03801	0.03018	0.02456	0.02056	0.01828	0.03100	0.01185	1	0.222	0.368
111	D	0.59322	0.10397	0.06791	0.04998	0.03883	0.03114	0.02560	0.02164	0.01943	0.03331	0.01498	1	0.236	0.401
112	K	0.59629	0.10424	0.06789	0.04982	0.03859	0.03086	0.02529	0.02132	0.01909	0.03262	0.01400	1	0.232	0.391
113	S	0.57928	0.10267	0.06790	0.05060	0.03980	0.03232	0.02690	0.02303	0.02094	0.03638	0.02018	1	0.258	0.452
114	K	0.13845	0.06810	0.07305	0.07443	0.07364	0.07163	0.06917	0.06727	0.06853	0.13551	0.16021	11	0.871	0.954
115	R	0.00348	0.00587	0.01106	0.01653	0.02196	0.02720	0.03226	0.03749	0.04459	0.09888	0.70069	11	2.644	1.488
116	L	0.54865	0.09935	0.06725	0.05130	0.04130	0.03434	0.02926	0.02565	0.02387	0.04255	0.03648	1	0.320	0.589
117	N	0.59322	0.10397	0.06791	0.04998	0.03883	0.03114	0.02560	0.02164	0.01943	0.03331	0.01497	1	0.236	0.401
118	T	0.00634	0.01051	0.01932	0.02815	0.03643	0.04394	0.05072	0.05736	0.06631	0.14245	0.53848	11	2.102	1.468
119	I	0.60581	0.10504	0.06778	0.04928	0.03781	0.02996	0.02432	0.02032	0.01801	0.03047	0.01119	1	0.219	0.360
120	L	0.10878	0.05608	0.06189	0.06478	0.06579	0.06565	0.06501	0.06477	0.06755	0.13616	0.24353	11	1.130	1.180
121	N	0.61732	0.10592	0.06753	0.04851	0.03677	0.02878	0.02309	0.01906	0.01669	0.02787	0.00846	1	0.205	0.328
122	T	0.12363	0.06227	0.06777	0.07000	0.07019	0.06916	0.06764	0.06659	0.06865	0.13708	0.19702	11	0.983	1.058
123	M	0.61999	0.10614	0.06749	0.04835	0.03655	0.02852	0.02281	0.01877	0.01638	0.02726	0.00775	1	0.202	0.319
124	S	0.57928	0.10267	0.06790	0.05060	0.03980	0.03232	0.02690	0.02303	0.02094	0.03638	0.02018	1	0.258	0.452
125	T	0.10783	0.05570	0.06154	0.06448	0.06555	0.06548	0.06490	0.06472	0.06756	0.13626	0.24599	11	1.137	1.185
126	I	0.58015	0.10274	0.06789	0.05055	0.03973	0.03224	0.02681	0.02294	0.02084	0.03618	0.01994	1	0.257	0.450
127	Y	0.09880	0.05175	0.05767	0.06091	0.06242	0.06283	0.06275	0.06304	0.06626	0.13440	0.27916	11	1.244	1.262
128	S	0.60447	0.10495	0.06783	0.04939	0.03795	0.03011	0.02448	0.02047	0.01817	0.03078	0.01140	1	0.220	0.362
129	T	0.13581	0.06710	0.07217	0.07372	0.07312	0.07130	0.06902	0.06727	0.06868	0.13604	0.16578	11	0.887	0.969
130	G	0.58548	0.10326	0.06793	0.05035	0.03939	0.03181	0.02634	0.02243	0.02028	0.03503	0.01770	1	0.248	0.428
131	K	0.60349	0.10485	0.06781	0.04942	0.03801	0.03018	0.02456	0.02056	0.01828	0.03100	0.01185	1	0.222	0.368
132	V	0.60057	0.10460	0.06784	0.04958	0.03824	0.03046	0.02486	0.02087	0.01861	0.03166	0.01271	1	0.226	0.377
133	C	0.57575	0.10231	0.06786	0.05072	0.04001	0.03259	0.02720	0.02336	0.02130	0.03713	0.02175	1	0.264	0.466
134	N	0.13052	0.06502	0.07030	0.07215	0.07190	0.07043	0.06847	0.06703	0.06872	0.13660	0.17885	11	0.927	1.007
135	P	0.56718	0.10142	0.06773	0.05098	0.04049	0.03321	0.02791	0.02414	0.02216	0.03892	0.02587	1	0.280	0.503
136	D	0.01060	0.01682	0.02990	0.04215	0.05284	0.06174	0.06907	0.07569	0.08480	0.17666	0.37974	11	1.587	1.280
137	N	0.00798	0.01305	0.02367	0.03403	0.04348	0.05178	0.05901	0.06588	0.07517	0.15934	0.46660	11	1.866	1.402
138	P	0.10024	0.05240	0.05831	0.06152	0.06297	0.06331	0.06315	0.06337	0.06654	0.13485	0.27334	11	1.225	1.249
139	Q	0.55670	0.10026	0.06748	0.05119	0.04098	0.03387	0.02869	0.02501	0.02315	0.04101	0.03166	1	0.302	0.551
140	E	0.14124	0.06917	0.07400	0.07520	0.07422	0.07202	0.06938	0.06731	0.06843	0.13506	0.15396	11	0.852	0.935
141	C	0.55688	0.10029	0.06750	0.05120	0.04098	0.03387	0.02869	0.02501	0.02314	0.04099	0.03144	1	0.301	0.549
142	L	0.54994	0.09949	0.06728	0.05128	0.04125	0.03426	0.02916	0.02554	0.02376	0.04230	0.03574	1	0.317	0.584
143	L	0.55004	0.09951	0.06729	0.05128	0.04125	0.03426	0.02916	0.02554	0.02375	0.04229	0.03563	1	0.317	0.583
144	L	0.58103	0.10283	0.06790	0.05052	0.03968	0.03217	0.02673	0.02286	0.02075	0.03599	0.01954	1	0.255	0.446
145	E	0.14561	0.07083	0.07547	0.07639	0.07511	0.07261	0.06970	0.06738	0.06826	0.13433	0.14432	1	0.822	0.905
146	P	0.56738	0.10144	0.06774	0.05097	0.04048	0.03319	0.02789	0.02412	0.02214	0.03888	0.02577	1	0.280	0.502
147	G	0.13705	0.06759	0.07263	0.07412	0.07345	0.07155	0.06919	0.06737	0.06873	0.13602	0.16228	11	0.877	0.958
148	L	0.54857	0.09933	0.06724	0.05129	0.04130	0.03433	0.02925	0.02565	0.02387	0.04256	0.03661	1	0.320	0.590
149	N	0.61811	0.10598	0.06752	0.04846	0.03671	0.02871	0.02301	0.01897	0.01660	0.02769	0.00825	1	0.204	0.325
150	E	0.60349	0.10485	0.06781	0.04942	0.03801	0.03018	0.02456	0.02056	0.01828	0.03100	0.01185	1	0.222	0.368
151	I	0.61326	0.10563	0.06765	0.04881	0.03716	0.02922	0.02354	0.01951	0.01716	0.02879	0.00928	1	0.210	0.338
152	M	0.61999	0.10614	0.06749	0.04835	0.03655	0.02852	0.02281	0.01877	0.01638	0.02726	0.00775	1	0.202	0.319
153	A	0.12658	0.06346	0.06886	0.07093	0.07093	0.06971	0.06800	0.06678	0.06869	0.13688	0.18918	11	0.959	1.037
154	N	0.12995	0.06479	0.07007	0.07195	0.07173	0.07029	0.06837	0.06696	0.06868	0.13657	0.18063	11	0.933	1.013
155	S	0.60447	0.10495	0.06783	0.04939	0.03795	0.03011	0.02448	0.02047	0.01817	0.03078	0.01140	1	0.220	0.362
156	L	0.00405	0.00681	0.01276	0.01896	0.02504	0.03083	0.03633	0.04196	0.04956	0.10908	0.66460	11	2.524	1.500
157	D	0.59322	0.10397	0.06791	0.04998	0.03883	0.03114	0.02560	0.02164	0.01943	0.03331	0.01498	1	0.236	0.401
158	Y	0.56251	0.10091	0.06763	0.05108	0.04071	0.03351	0.02827	0.02453	0.02261	0.03986	0.02837	1	0.290	0.524
159	N	0.01049	0.01667	0.02965	0.04183	0.05247	0.06135	0.06867	0.07531	0.08443	0.17600	0.38313	11	1.598	1.286
160	E	0.59629	0.10424	0.06789	0.04982	0.03859	0.03086	0.02529	0.02132	0.01909	0.03262	0.01400	1	0.232	0.391
161	R	0.58472	0.10319	0.06793	0.05039	0.03945	0.03188	0.02641	0.02251	0.02036	0.03520	0.01797	1	0.249	0.431
162	L	0.55819	0.10044	0.06753	0.05117	0.04092	0.03379	0.02859	0.02490	0.02302	0.04073	0.03073	1	0.298	0.544
163	W	0.53716	0.09797	0.06682	0.05136	0.04167	0.03490	0.02996	0.02647	0.02483	0.04462	0.04425	1	0.348	0.646
164	A	0.59805	0.10440	0.06788	0.04974	0.03846	0.03070	0.02512	0.02115	0.01889	0.03223	0.01339	1	0.229	0.384
165	W	0.53716	0.09797	0.06682	0.05136	0.04167	0.03490	0.02996	0.02647	0.02483	0.04462	0.04425	1	0.348	0.646
166	E	0.60349	0.10485	0.06781	0.04942	0.03801	0.03018	0.02456	0.02056	0.01828	0.03100	0.01185	1	0.222	0.368
167	S	0.00454	0.00763	0.01424	0.02107	0.02770	0.03394	0.03982	0.04576	0.05379	0.11770	0.63381	11	2.420	1.502
168	W	0.53716	0.09797	0.06682	0.05136	0.04167	0.03490	0.02996	0.02647	0.02483	0.04462	0.04425	1	0.348	0.646
169	R	0.58973	0.10366	0.06793	0.05016	0.03909	0.03145	0.02594	0.02200	0.01982	0.03409	0.01614	1	0.241	0.413
170	S	0.57685	0.10242	0.06787	0.05068	0.03994	0.03250	0.02711	0.02326	0.02119	0.03690	0.02128	1	0.262	0.462
171	E	0.59629	0.10424	0.06789	0.04982	0.03859	0.03086	0.02529	0.02132	0.01909	0.03262	0.01400	1	0.232	0.391
172	V	0.07663	0.04200	0.04821	0.05234	0.05504	0.05677	0.05802	0.05956	0.06386	0.13149	0.35607	11	1.492	1.392
173	G	0.57219	0.10195	0.06782	0.05084	0.04022	0.03285	0.02750	0.02369	0.02166	0.03789	0.02339	1	0.271	0.481
174	K	0.59629	0.10424	0.06789	0.04982	0.03859	0.03086	0.02529	0.02132	0.01909	0.03262	0.01400	1	0.232	0.391
175	Q	0.55624	0.10022	0.06748	0.05121	0.04101	0.03391	0.02874	0.02506	0.02320	0.04111	0.03183	1	0.303	0.553
176	L	0.54318	0.09870	0.06705	0.05134	0.04149	0.03461	0.02960	0.02605	0.02434	0.04355	0.04009	1	0.333	0.616
177	R	0.58472	0.10319	0.06793	0.05039	0.03945	0.03188	0.02641	0.02251	0.02036	0.03520	0.01797	1	0.249	0.431
178	P	0.56738	0.10144	0.06774	0.05097	0.04048	0.03319	0.02789	0.02412	0.02214	0.03888	0.02577	1	0.280	0.502
179	L	0.55004	0.09951	0.06729	0.05128	0.04125	0.03426	0.02916	0.02554	0.02375	0.04229	0.03563	1	0.317	0.583
180	Y	0.58645	0.10334	0.06792	0.05030	0.03931	0.03172	0.02624	0.02232	0.02017	0.03481	0.01743	1	0.246	0.426
181	E	0.60349	0.10485	0.06781	0.04942	0.03801	0.03018	0.02456	0.02056	0.01828	0.03100	0.01185	1	0.222	0.368
182	E	0.59630	0.10424	0.06789	0.04982	0.03858	0.03086	0.02529	0.02132	0.01908	0.03262	0.01401	1	0.232	0.391
183	Y	0.58645	0.10334	0.06792	0.05030	0.03931	0.03172	0.02624	0.02232	0.02017	0.03481	0.01743	1	0.246	0.426
184	V	0.58154	0.10287	0.06789	0.05049	0.03963	0.03212	0.02668	0.02280	0.02069	0.03587	0.01940	1	0.254	0.445
185	V	0.57388	0.10211	0.06782	0.05077	0.04011	0.03271	0.02735	0.02352	0.02148	0.03751	0.02273	1	0.268	0.476
186	L	0.54865	0.09935	0.06725	0.05130	0.04130	0.03434	0.02926	0.02565	0.02387	0.04255	0.03648	1	0.320	0.589
187	K	0.60349	0.10485	0.06781	0.04942	0.03801	0.03018	0.02456	0.02056	0.01828	0.03100	0.01185	1	0.222	0.368
188	N	0.61811	0.10598	0.06752	0.04846	0.03671	0.02871	0.02301	0.01897	0.01660	0.02769	0.00825	1	0.204	0.325
189	E	0.59867	0.10442	0.06784	0.04966	0.03837	0.03061	0.02503	0.02106	0.01881	0.03207	0.01345	1	0.229	0.385
190	M	0.61999	0.10614	0.06749	0.04835	0.03655	0.02852	0.02281	0.01877	0.01638	0.02726	0.00775	1	0.202	0.319
191	A	0.58748	0.10344	0.06792	0.05026	0.03924	0.03164	0.02614	0.02223	0.02006	0.03458	0.01700	1	0.245	0.421
192	R	0.59002	0.10369	0.06794	0.05015	0.03907	0.03143	0.02591	0.02198	0.01979	0.03403	0.01599	1	0.241	0.411
193	A	0.58748	0.10344	0.06792	0.05026	0.03924	0.03164	0.02614	0.02223	0.02006	0.03458	0.01700	1	0.245	0.421
194	N	0.61811	0.10598	0.06752	0.04846	0.03671	0.02871	0.02301	0.01897	0.01660	0.02769	0.00825	1	0.204	0.325
195	H	0.13321	0.06609	0.07127	0.07297	0.07255	0.07090	0.06878	0.06718	0.06874	0.13639	0.17192	11	0.906	0.987
196	Y	0.58577	0.10328	0.06792	0.05033	0.03936	0.03178	0.02630	0.02239	0.02024	0.03495	0.01769	1	0.247	0.428
197	E	0.13118	0.06524	0.07044	0.07222	0.07189	0.07036	0.06835	0.06685	0.06850	0.13609	0.17888	11	0.928	1.010
198	D	0.59335	0.10398	0.06791	0.04998	0.03881	0.03113	0.02558	0.02163	0.01941	0.03328	0.01494	1	0.236	0.401
199	Y	0.58645	0.10334	0.06792	0.05030	0.03931	0.03172	0.02624	0.02232	0.02017	0.03481	0.01743	1	0.246	0.426
200	G	0.57982	0.10272	0.06790	0.05058	0.03976	0.03227	0.02685	0.02298	0.02088	0.03626	0.01998	1	0.257	0.450
201	D	0.61732	0.10592	0.06753	0.04851	0.03677	0.02878	0.02309	0.01906	0.01669	0.02787	0.00846	1	0.205	0.328
202	Y	0.58645	0.10334	0.06792	0.05030	0.03931	0.03172	0.02624	0.02232	0.02017	0.03481	0.01743	1	0.246	0.426
203	W	0.53716	0.09797	0.06682	0.05136	0.04167	0.03490	0.02996	0.02647	0.02483	0.04462	0.04425	1	0.348	0.646
204	R	0.59002	0.10369	0.06794	0.05015	0.03907	0.03143	0.02591	0.02198	0.01979	0.03403	0.01599	1	0.241	0.411
205	G	0.58548	0.10326	0.06793	0.05035	0.03939	0.03181	0.02634	0.02243	0.02028	0.03503	0.01770	1	0.248	0.428
206	D	0.00691	0.01140	0.02085	0.03022	0.03893	0.04672	0.05368	0.06041	0.06950	0.14856	0.51282	11	2.018	1.449
207	Y	0.58645	0.10334	0.06792	0.05030	0.03931	0.03172	0.02624	0.02232	0.02017	0.03481	0.01743	1	0.246	0.426
208	E	0.60349	0.10485	0.06781	0.04942	0.03801	0.03018	0.02456	0.02056	0.01828	0.03100	0.01185	1	0.222	0.368
209	V	0.00636	0.01053	0.01935	0.02816	0.03641	0.04389	0.05064	0.05723	0.06613	0.14202	0.53929	11	2.106	1.470
210	N	0.60316	0.10479	0.06778	0.04940	0.03800	0.03018	0.02457	0.02058	0.01830	0.03106	0.01216	1	0.223	0.371
211	G	0.57974	0.10271	0.06790	0.05058	0.03977	0.03228	0.02686	0.02299	0.02089	0.03628	0.02001	1	0.257	0.450
212	V	0.58967	0.10364	0.06791	0.05015	0.03908	0.03144	0.02593	0.02200	0.01981	0.03409	0.01628	1	0.242	0.414
213	D	0.61742	0.10593	0.06753	0.04850	0.03677	0.02877	0.02308	0.01904	0.01668	0.02784	0.00843	1	0.205	0.327
214	G	0.10820	0.05587	0.06171	0.06464	0.06571	0.06562	0.06502	0.06483	0.06765	0.13642	0.24435	11	1.132	1.181
215	Y	0.58636	0.10333	0.06792	0.05030	0.03932	0.03173	0.02624	0.02233	0.02018	0.03482	0.01746	1	0.247	0.426
216	D	0.59322	0.10397	0.06791	0.04998	0.03883	0.03114	0.02560	0.02164	0.01943	0.03331	0.01498	1	0.236	0.401
217	Y	0.56251	0.10091	0.06763	0.05108	0.04071	0.03351	0.02827	0.02453	0.02261	0.03986	0.02837	1	0.290	0.524
218	S	0.00000	0.00002	0.00011	0.00031	0.00067	0.00123	0.00201	0.00308	0.00466	0.01289	0.97502	11	3.519	0.998
219	R	0.55308	0.09986	0.06739	0.05126	0.04114	0.03410	0.02896	0.02531	0.02349	0.04173	0.03368	1	0.309	0.567
220	G	0.00569	0.00949	0.01753	0.02567	0.03340	0.04050	0.04701	0.05345	0.06213	0.13429	0.57083	11	2.210	1.487
221	Q	0.55624	0.10022	0.06748	0.05120	0.04100	0.03390	0.02873	0.02505	0.02320	0.04110	0.03188	1	0.303	0.553
222	L	0.54865	0.09935	0.06725	0.05130	0.04130	0.03434	0.02926	0.02565	0.02387	0.04255	0.03648	1	0.320	0.589
223	I	0.60581	0.10504	0.06778	0.04928	0.03781	0.02996	0.02432	0.02032	0.01801	0.03047	0.01119	1	0.219	0.360
224	E	0.60345	0.10484	0.06781	0.04942	0.03801	0.03018	0.02456	0.02057	0.01828	0.03101	0.01187	1	0.222	0.368
225	D	0.61811	0.10598	0.06752	0.04846	0.03671	0.02871	0.02301	0.01897	0.01660	0.02769	0.00825	1	0.204	0.325
226	V	0.58154	0.10287	0.06789	0.05049	0.03963	0.03212	0.02668	0.02280	0.02069	0.03587	0.01940	1	0.254	0.445
227	E	0.60349	0.10485	0.06781	0.04942	0.03801	0.03018	0.02456	0.02056	0.01828	0.03100	0.01185	1	0.222	0.368
228	H	0.00585	0.00974	0.01798	0.02629	0.03416	0.04137	0.04795	0.05444	0.06320	0.13639	0.56262	11	2.183	1.483
229	T	0.57195	0.10192	0.06781	0.05084	0.04023	0.03286	0.02752	0.02371	0.02168	0.03793	0.02356	1	0.271	0.483
230	F	0.58934	0.10362	0.06793	0.05018	0.03912	0.03149	0.02597	0.02204	0.01986	0.03418	0.01628	1	0.242	0.414
231	E	0.60349	0.10485	0.06781	0.04942	0.03801	0.03018	0.02456	0.02056	0.01828	0.03100	0.01185	1	0.222	0.368
232	E	0.59629	0.10424	0.06789	0.04982	0.03859	0.03086	0.02529	0.02132	0.01909	0.03262	0.01400	1	0.232	0.391
233	I	0.60581	0.10504	0.06778	0.04928	0.03781	0.02996	0.02432	0.02032	0.01801	0.03047	0.01119	1	0.219	0.360
234	K	0.60349	0.10485	0.06781	0.04942	0.03801	0.03018	0.02456	0.02056	0.01828	0.03100	0.01185	1	0.222	0.368
235	P	0.56738	0.10144	0.06774	0.05097	0.04048	0.03319	0.02789	0.02412	0.02214	0.03888	0.02577	1	0.280	0.502
236	L	0.55004	0.09951	0.06729	0.05128	0.04125	0.03426	0.02916	0.02554	0.02375	0.04229	0.03563	1	0.317	0.583
237	Y	0.58645	0.10334	0.06792	0.05030	0.03931	0.03172	0.02624	0.02232	0.02017	0.03481	0.01743	1	0.246	0.426
238	E	0.60349	0.10485	0.06781	0.04942	0.03801	0.03018	0.02456	0.02056	0.01828	0.03100	0.01185	1	0.222	0.368
239	H	0.59643	0.10426	0.06790	0.04983	0.03859	0.03085	0.02528	0.02132	0.01908	0.03259	0.01388	1	0.231	0.389
240	L	0.58103	0.10283	0.06790	0.05052	0.03968	0.03217	0.02673	0.02286	0.02075	0.03599	0.01954	1	0.255	0.446
241	H	0.59643	0.10426	0.06790	0.04983	0.03859	0.03085	0.02528	0.02132	0.01908	0.03259	0.01388	1	0.231	0.389
242	A	0.57195	0.10192	0.06781	0.05084	0.04022	0.03286	0.02752	0.02371	0.02168	0.03793	0.02356	1	0.271	0.483
243	Y	0.58645	0.10334	0.06792	0.05030	0.03931	0.03172	0.02624	0.02232	0.02017	0.03481	0.01743	1	0.246	0.426
244	V	0.58154	0.10287	0.06789	0.05049	0.03963	0.03212	0.02668	0.02280	0.02069	0.03587	0.01940	1	0.254	0.445
245	R	0.58472	0.10319	0.06793	0.05039	0.03945	0.03188	0.02641	0.02251	0.02036	0.03520	0.01797	1	0.249	0.431
246	A	0.12384	0.06236	0.06785	0.07007	0.07024	0.06920	0.06767	0.06661	0.06865	0.13706	0.19646	11	0.982	1.057
247	K	0.59629	0.10424	0.06789	0.04982	0.03859	0.03086	0.02529	0.02132	0.01909	0.03262	0.01400	1	0.232	0.391
248	L	0.54865	0.09935	0.06725	0.05130	0.04130	0.03434	0.02926	0.02565	0.02387	0.04255	0.03648	1	0.320	0.589
249	M	0.01056	0.01680	0.02988	0.04217	0.05290	0.06186	0.06925	0.07594	0.08512	0.17737	0.37814	11	1.581	1.275
250	N	0.61811	0.10598	0.06752	0.04846	0.03671	0.02871	0.02301	0.01897	0.01660	0.02769	0.00825	1	0.204	0.325
251	A	0.10828	0.05589	0.06172	0.06464	0.06570	0.06560	0.06499	0.06479	0.06760	0.13631	0.24447	11	1.132	1.182
252	Y	0.56460	0.10114	0.06768	0.05103	0.04061	0.03337	0.02811	0.02436	0.02241	0.03944	0.02725	1	0.285	0.515
253	P	0.57627	0.10236	0.06787	0.05070	0.03998	0.03255	0.02716	0.02331	0.02125	0.03702	0.02154	1	0.263	0.464
254	S	0.55487	0.10007	0.06744	0.05123	0.04106	0.03399	0.02883	0.02517	0.02333	0.04138	0.03263	1	0.306	0.559
255	Y	0.58645	0.10334	0.06792	0.05030	0.03931	0.03172	0.02624	0.02232	0.02017	0.03481	0.01743	1	0.246	0.426
256	I	0.60042	0.10459	0.06784	0.04959	0.03825	0.03047	0.02487	0.02089	0.01862	0.03169	0.01276	1	0.226	0.378
257	S	0.60447	0.10495	0.06783	0.04939	0.03795	0.03011	0.02448	0.02047	0.01817	0.03078	0.01140	1	0.220	0.362
258	P	0.56738	0.10144	0.06774	0.05097	0.04048	0.03319	0.02789	0.02412	0.02214	0.03888	0.02577	1	0.280	0.502
259	I	0.00694	0.01146	0.02096	0.03039	0.03916	0.04701	0.05402	0.06080	0.06995	0.14950	0.50980	11	2.007	1.445
260	G	0.58548	0.10326	0.06793	0.05035	0.03939	0.03181	0.02634	0.02243	0.02028	0.03503	0.01770	1	0.248	0.428
261	C	0.55622	0.10022	0.06749	0.05121	0.04101	0.03391	0.02874	0.02506	0.02321	0.04112	0.03180	1	0.303	0.552
262	L	0.55997	0.10063	0.06758	0.05114	0.04084	0.03368	0.02846	0.02475	0.02285	0.04038	0.02972	1	0.295	0.535
263	P	0.57639	0.10237	0.06787	0.05070	0.03997	0.03254	0.02715	0.02330	0.02123	0.03700	0.02148	1	0.263	0.464
264	A	0.59821	0.10441	0.06788	0.04973	0.03844	0.03069	0.02510	0.02113	0.01887	0.03219	0.01334	1	0.229	0.384
265	H	0.59643	0.10426	0.06790	0.04983	0.03859	0.03085	0.02528	0.02132	0.01908	0.03259	0.01388	1	0.231	0.389
266	L	0.54865	0.09935	0.06725	0.05130	0.04130	0.03434	0.02926	0.02565	0.02387	0.04255	0.03648	1	0.320	0.589
267	L	0.58103	0.10283	0.06790	0.05052	0.03968	0.03217	0.02673	0.02286	0.02075	0.03599	0.01954	1	0.255	0.446
268	G	0.59853	0.10445	0.06789	0.04972	0.03843	0.03067	0.02508	0.02110	0.01884	0.03212	0.01316	1	0.228	0.382
269	D	0.61625	0.10583	0.06755	0.04857	0.03687	0.02889	0.02320	0.01917	0.01681	0.02811	0.00875	1	0.206	0.331
270	M	0.61999	0.10614	0.06749	0.04835	0.03655	0.02852	0.02281	0.01877	0.01638	0.02726	0.00775	1	0.202	0.319
271	W	0.53716	0.09797	0.06682	0.05136	0.04167	0.03490	0.02996	0.02647	0.02483	0.04462	0.04425	1	0.348	0.646
272	G	0.59779	0.10438	0.06790	0.04976	0.03849	0.03074	0.02515	0.02118	0.01893	0.03229	0.01340	1	0.229	0.384
273	R	0.59002	0.10369	0.06794	0.05015	0.03907	0.03143	0.02591	0.02198	0.01979	0.03403	0.01599	1	0.241	0.411
274	F	0.58934	0.10362	0.06793	0.05018	0.03912	0.03149	0.02597	0.02204	0.01986	0.03418	0.01628	1	0.242	0.414
275	W	0.53716	0.09797	0.06682	0.05136	0.04167	0.03490	0.02996	0.02647	0.02483	0.04462	0.04425	1	0.348	0.646
276	T	0.58748	0.10344	0.06792	0.05026	0.03924	0.03164	0.02614	0.02223	0.02006	0.03458	0.01700	1	0.245	0.421
277	N	0.61811	0.10598	0.06752	0.04846	0.03671	0.02871	0.02301	0.01897	0.01660	0.02769	0.00825	1	0.204	0.325
278	L	0.54318	0.09870	0.06705	0.05134	0.04149	0.03461	0.02960	0.02605	0.02434	0.04355	0.04009	1	0.333	0.616
279	Y	0.56251	0.10091	0.06763	0.05108	0.04071	0.03351	0.02827	0.02453	0.02261	0.03986	0.02837	1	0.290	0.524
280	S	0.57685	0.10242	0.06787	0.05068	0.03994	0.03250	0.02711	0.02326	0.02119	0.03690	0.02128	1	0.262	0.462
281	L	0.54865	0.09935	0.06725	0.05130	0.04130	0.03434	0.02926	0.02565	0.02387	0.04255	0.03648	1	0.320	0.589
282	T	0.58748	0.10344	0.06792	0.05026	0.03924	0.03164	0.02614	0.02223	0.02006	0.03458	0.01700	1	0.245	0.421
283	V	0.60057	0.10460	0.06784	0.04958	0.03824	0.03046	0.02486	0.02087	0.01861	0.03166	0.01271	1	0.226	0.377
284	P	0.55451	0.10002	0.06743	0.05123	0.04108	0.03401	0.02886	0.02520	0.02336	0.04145	0.03284	1	0.306	0.561
285	F	0.12482	0.06276	0.06823	0.07040	0.07052	0.06942	0.06783	0.06671	0.06871	0.13709	0.19353	11	0.973	1.048
286	G	0.58548	0.10326	0.06793	0.05035	0.03939	0.03181	0.02634	0.02243	0.02028	0.03503	0.01770	1	0.248	0.428
287	Q	0.55624	0.10022	0.06748	0.05121	0.04101	0.03391	0.02874	0.02506	0.02320	0.04111	0.03183	1	0.303	0.553
288	K	0.60349	0.10485	0.06781	0.04942	0.03801	0.03018	0.02456	0.02056	0.01828	0.03100	0.01185	1	0.222	0.368
289	P	0.56738	0.10144	0.06774	0.05097	0.04048	0.03319	0.02789	0.02412	0.02214	0.03888	0.02577	1	0.280	0.502
290	N	0.59322	0.10397	0.06791	0.04998	0.03883	0.03114	0.02560	0.02164	0.01943	0.03331	0.01497	1	0.236	0.401
291	I	0.59911	0.10432	0.06766	0.04947	0.03819	0.03045	0.02489	0.02094	0.01871	0.03193	0.01433	1	0.231	0.396
292	D	0.61811	0.10598	0.06752	0.04846	0.03671	0.02871	0.02301	0.01897	0.01660	0.02769	0.00825	1	0.204	0.325
293	V	0.60057	0.10460	0.06784	0.04958	0.03824	0.03046	0.02486	0.02087	0.01861	0.03166	0.01271	1	0.226	0.377
294	T	0.59821	0.10441	0.06788	0.04973	0.03844	0.03069	0.02510	0.02113	0.01887	0.03219	0.01333	1	0.229	0.384
295	D	0.61811	0.10598	0.06752	0.04846	0.03671	0.02871	0.02301	0.01897	0.01660	0.02769	0.00825	1	0.204	0.325
296	A	0.12562	0.06307	0.06850	0.07062	0.07067	0.06952	0.06787	0.06670	0.06865	0.13690	0.19188	11	0.968	1.044
297	M	0.61999	0.10614	0.06749	0.04835	0.03655	0.02852	0.02281	0.01877	0.01638	0.02726	0.00775	1	0.202	0.319
298	V	0.58154	0.10287	0.06789	0.05049	0.03963	0.03212	0.02668	0.02280	0.02069	0.03587	0.01940	1	0.254	0.445
299	D	0.00015	0.00076	0.00234	0.00477	0.00796	0.01175	0.01607	0.02103	0.02766	0.06688	0.84063	11	3.094	1.316
300	Q	0.55624	0.10022	0.06748	0.05121	0.04101	0.03391	0.02874	0.02506	0.02320	0.04111	0.03183	1	0.303	0.553
301	A	0.57308	0.10203	0.06782	0.05080	0.04016	0.03278	0.02742	0.02360	0.02157	0.03769	0.02304	1	0.269	0.478
302	W	0.53716	0.09797	0.06682	0.05136	0.04167	0.03490	0.02996	0.02647	0.02483	0.04462	0.04425	1	0.348	0.646
303	D	0.15420	0.07402	0.07822	0.07856	0.07665	0.07355	0.07008	0.06727	0.06769	0.13244	0.12732	1	0.771	0.851
304	A	0.58748	0.10344	0.06792	0.05026	0.03924	0.03164	0.02614	0.02223	0.02006	0.03458	0.01700	1	0.245	0.421
305	Q	0.00346	0.00583	0.01099	0.01642	0.02182	0.02702	0.03205	0.03725	0.04430	0.09827	0.70258	11	2.651	1.488
306	R	0.59002	0.10369	0.06794	0.05015	0.03907	0.03143	0.02591	0.02198	0.01979	0.03403	0.01599	1	0.241	0.411
307	I	0.61326	0.10563	0.06765	0.04881	0.03716	0.02922	0.02354	0.01951	0.01716	0.02879	0.00928	1	0.210	0.338
308	F	0.56788	0.10149	0.06775	0.05096	0.04045	0.03316	0.02786	0.02408	0.02209	0.03878	0.02550	1	0.279	0.500
309	K	0.59629	0.10424	0.06789	0.04982	0.03859	0.03086	0.02529	0.02132	0.01909	0.03262	0.01400	1	0.232	0.391
310	E	0.59629	0.10424	0.06789	0.04982	0.03859	0.03086	0.02529	0.02132	0.01909	0.03262	0.01400	1	0.232	0.391
311	A	0.57383	0.10211	0.06783	0.05078	0.04012	0.03272	0.02736	0.02353	0.02149	0.03753	0.02269	1	0.268	0.475
312	E	0.59629	0.10424	0.06789	0.04982	0.03859	0.03086	0.02529	0.02132	0.01909	0.03262	0.01400	1	0.232	0.391
313	K	0.59629	0.10424	0.06789	0.04982	0.03859	0.03086	0.02529	0.02132	0.01909	0.03262	0.01400	1	0.232	0.391
314	F	0.56788	0.10149	0.06775	0.05096	0.04045	0.03316	0.02786	0.02408	0.02209	0.03878	0.02550	1	0.279	0.500
315	F	0.58934	0.10362	0.06793	0.05018	0.03912	0.03149	0.02597	0.02204	0.01986	0.03418	0.01628	1	0.242	0.414
316	V	0.12460	0.06267	0.06814	0.07032	0.07044	0.06936	0.06778	0.06667	0.06868	0.13705	0.19431	11	0.975	1.051
317	S	0.57685	0.10242	0.06787	0.05068	0.03994	0.03250	0.02711	0.02326	0.02119	0.03690	0.02128	1	0.262	0.462
318	V	0.13812	0.06797	0.07293	0.07432	0.07356	0.07157	0.06913	0.06724	0.06852	0.13552	0.16111	11	0.873	0.957
319	G	0.59853	0.10445	0.06789	0.04972	0.03843	0.03067	0.02508	0.02110	0.01884	0.03212	0.01316	1	0.228	0.382
320	L	0.58103	0.10283	0.06790	0.05052	0.03968	0.03217	0.02673	0.02286	0.02075	0.03599	0.01954	1	0.255	0.446
321	P	0.57639	0.10237	0.06787	0.05070	0.03997	0.03254	0.02715	0.02330	0.02123	0.03700	0.02148	1	0.263	0.464
322	N	0.61811	0.10598	0.06752	0.04846	0.03671	0.02871	0.02301	0.01897	0.01660	0.02769	0.00825	1	0.204	0.325
323	M	0.61999	0.10614	0.06749	0.04835	0.03655	0.02852	0.02281	0.01877	0.01638	0.02726	0.00775	1	0.202	0.319
324	T	0.59821	0.10441	0.06788	0.04973	0.03844	0.03069	0.02510	0.02113	0.01887	0.03219	0.01333	1	0.229	0.384
325	Q	0.09715	0.05102	0.05695	0.06025	0.06183	0.06233	0.06233	0.06271	0.06600	0.13402	0.28541	11	1.264	1.276
326	G	0.12173	0.06151	0.06708	0.06941	0.06971	0.06882	0.06741	0.06647	0.06863	0.13721	0.20200	11	0.999	1.071
327	F	0.56788	0.10149	0.06775	0.05096	0.04045	0.03316	0.02786	0.02408	0.02209	0.03878	0.02550	1	0.279	0.500
328	W	0.53716	0.09797	0.06682	0.05136	0.04167	0.03490	0.02996	0.02647	0.02483	0.04462	0.04425	1	0.348	0.646
329	E	0.60349	0.10485	0.06781	0.04942	0.03801	0.03018	0.02456	0.02056	0.01828	0.03100	0.01185	1	0.222	0.368
330	N	0.61811	0.10598	0.06752	0.04846	0.03671	0.02871	0.02301	0.01897	0.01660	0.02769	0.00825	1	0.204	0.325
331	S	0.55487	0.10007	0.06744	0.05123	0.04106	0.03399	0.02883	0.02517	0.02333	0.04138	0.03263	1	0.306	0.559
332	M	0.61999	0.10614	0.06749	0.04835	0.03655	0.02852	0.02281	0.01877	0.01638	0.02726	0.00775	1	0.202	0.319
333	L	0.54840	0.09931	0.06724	0.05130	0.04131	0.03435	0.02927	0.02566	0.02390	0.04260	0.03667	1	0.320	0.591
334	T	0.59654	0.10426	0.06789	0.04982	0.03857	0.03084	0.02527	0.02130	0.01906	0.03257	0.01388	1	0.231	0.389
335	D	0.13825	0.06802	0.07298	0.07436	0.07358	0.07158	0.06914	0.06724	0.06852	0.13550	0.16083	11	0.872	0.956
336	P	0.56738	0.10144	0.06774	0.05097	0.04048	0.03319	0.02789	0.02412	0.02214	0.03888	0.02577	1	0.280	0.502
337	G	0.58548	0.10326	0.06793	0.05035	0.03939	0.03181	0.02634	0.02243	0.02028	0.03503	0.01770	1	0.248	0.428
338	N	0.01029	0.01641	0.02924	0.04134	0.05195	0.06085	0.06824	0.07495	0.08416	0.17564	0.38694	11	1.610	1.291
339	V	0.13069	0.06511	0.07039	0.07225	0.07200	0.07053	0.06857	0.06712	0.06881	0.13676	0.17778	11	0.924	1.003
340	Q	0.55624	0.10022	0.06748	0.05121	0.04101	0.03391	0.02874	0.02506	0.02320	0.04111	0.03183	1	0.303	0.553
341	K	0.60349	0.10485	0.06781	0.04942	0.03801	0.03018	0.02456	0.02056	0.01828	0.03100	0.01185	1	0.222	0.368
342	A	0.12553	0.06302	0.06845	0.07056	0.07061	0.06946	0.06781	0.06665	0.06860	0.13680	0.19250	11	0.970	1.047
343	V	0.57388	0.10211	0.06782	0.05077	0.04011	0.03271	0.02735	0.02352	0.02148	0.03751	0.02273	1	0.268	0.476
344	C	0.55688	0.10029	0.06750	0.05120	0.04098	0.03387	0.02869	0.02501	0.02314	0.04099	0.03144	1	0.301	0.549
345	H	0.57602	0.10233	0.06786	0.05071	0.03999	0.03256	0.02718	0.02333	0.02127	0.03707	0.02168	1	0.264	0.466
346	P	0.55451	0.10002	0.06743	0.05123	0.04108	0.03401	0.02886	0.02520	0.02336	0.04145	0.03284	1	0.306	0.561
347	T	0.58748	0.10344	0.06792	0.05026	0.03924	0.03164	0.02614	0.02223	0.02006	0.03458	0.01700	1	0.245	0.421
348	A	0.59821	0.10441	0.06788	0.04973	0.03844	0.03069	0.02510	0.02113	0.01887	0.03219	0.01334	1	0.229	0.384
349	W	0.53716	0.09797	0.06682	0.05136	0.04167	0.03490	0.02996	0.02647	0.02483	0.04462	0.04425	1	0.348	0.646
350	D	0.59645	0.10424	0.06788	0.04981	0.03857	0.03084	0.02527	0.02130	0.01907	0.03258	0.01400	1	0.232	0.391
351	L	0.54318	0.09870	0.06705	0.05134	0.04149	0.03461	0.02960	0.02605	0.02434	0.04355	0.04009	1	0.333	0.616
352	G	0.57974	0.10271	0.06790	0.05058	0.03977	0.03228	0.02686	0.02299	0.02089	0.03628	0.02001	1	0.257	0.450
353	K	0.59629	0.10424	0.06789	0.04982	0.03859	0.03086	0.02529	0.02132	0.01909	0.03262	0.01400	1	0.232	0.391
354	G	0.00074	0.00146	0.00318	0.00538	0.00797	0.01088	0.01409	0.01773	0.02271	0.05410	0.86177	11	3.167	1.293
355	D	0.59322	0.10397	0.06791	0.04998	0.03883	0.03114	0.02560	0.02164	0.01943	0.03331	0.01498	1	0.236	0.401
356	F	0.56788	0.10149	0.06775	0.05096	0.04045	0.03316	0.02786	0.02408	0.02209	0.03878	0.02550	1	0.279	0.500
357	R	0.58472	0.10319	0.06793	0.05039	0.03945	0.03188	0.02641	0.02251	0.02036	0.03520	0.01797	1	0.249	0.431
358	I	0.58015	0.10274	0.06789	0.05055	0.03973	0.03224	0.02681	0.02294	0.02084	0.03618	0.01994	1	0.257	0.450
359	L	0.00598	0.00994	0.01833	0.02676	0.03473	0.04200	0.04862	0.05513	0.06392	0.13776	0.55682	11	2.164	1.480
360	M	0.61999	0.10614	0.06749	0.04835	0.03655	0.02852	0.02281	0.01877	0.01638	0.02726	0.00775	1	0.202	0.319
361	C	0.55622	0.10022	0.06749	0.05121	0.04101	0.03391	0.02874	0.02506	0.02321	0.04112	0.03180	1	0.303	0.552
362	T	0.58748	0.10344	0.06792	0.05026	0.03924	0.03164	0.02614	0.02223	0.02006	0.03458	0.01700	1	0.245	0.421
363	K	0.59629	0.10424	0.06789	0.04982	0.03859	0.03086	0.02529	0.02132	0.01909	0.03262	0.01400	1	0.232	0.391
364	V	0.00567	0.00945	0.01747	0.02558	0.03329	0.04038	0.04687	0.05330	0.06198	0.13399	0.57203	11	2.214	1.487
365	T	0.58693	0.10339	0.06792	0.05028	0.03928	0.03168	0.02619	0.02228	0.02011	0.03470	0.01723	1	0.246	0.424
366	M	0.61999	0.10614	0.06749	0.04835	0.03655	0.02852	0.02281	0.01877	0.01638	0.02726	0.00775	1	0.202	0.319
367	D	0.60665	0.10508	0.06774	0.04920	0.03772	0.02986	0.02422	0.02022	0.01791	0.03028	0.01113	1	0.218	0.360
368	D	0.59322	0.10397	0.06791	0.04998	0.03883	0.03114	0.02560	0.02164	0.01943	0.03331	0.01498	1	0.236	0.401
369	F	0.56788	0.10149	0.06775	0.05096	0.04045	0.03316	0.02786	0.02408	0.02209	0.03878	0.02550	1	0.279	0.500
370	L	0.54318	0.09870	0.06705	0.05134	0.04149	0.03461	0.02960	0.02605	0.02434	0.04355	0.04009	1	0.333	0.616
371	T	0.58748	0.10344	0.06792	0.05026	0.03924	0.03164	0.02614	0.02223	0.02006	0.03458	0.01700	1	0.245	0.421
372	A	0.59821	0.10441	0.06788	0.04973	0.03844	0.03069	0.02510	0.02113	0.01887	0.03219	0.01334	1	0.229	0.384
373	H	0.59643	0.10426	0.06790	0.04983	0.03859	0.03085	0.02528	0.02132	0.01908	0.03259	0.01388	1	0.231	0.389
374	H	0.59551	0.10417	0.06790	0.04987	0.03865	0.03093	0.02537	0.02141	0.01917	0.03280	0.01423	1	0.233	0.393
375	E	0.59629	0.10424	0.06789	0.04982	0.03859	0.03086	0.02529	0.02132	0.01909	0.03262	0.01400	1	0.232	0.391
376	M	0.61999	0.10614	0.06749	0.04835	0.03655	0.02852	0.02281	0.01877	0.01638	0.02726	0.00775	1	0.202	0.319
377	G	0.57974	0.10271	0.06790	0.05058	0.03977	0.03228	0.02686	0.02299	0.02089	0.03628	0.02001	1	0.257	0.450
378	H	0.58817	0.10350	0.06791	0.05021	0.03918	0.03157	0.02607	0.02215	0.01998	0.03442	0.01686	1	0.244	0.420
379	I	0.59059	0.10355	0.06768	0.04987	0.03880	0.03118	0.02569	0.02179	0.01963	0.03378	0.01744	1	0.244	0.428
380	Q	0.55740	0.10034	0.06750	0.05118	0.04095	0.03383	0.02864	0.02496	0.02309	0.04087	0.03124	1	0.300	0.548
381	Y	0.58645	0.10334	0.06792	0.05030	0.03931	0.03172	0.02624	0.02232	0.02017	0.03481	0.01743	1	0.246	0.426
382	D	0.61811	0.10598	0.06752	0.04846	0.03671	0.02871	0.02301	0.01897	0.01660	0.02769	0.00825	1	0.204	0.325
383	M	0.61999	0.10614	0.06749	0.04835	0.03655	0.02852	0.02281	0.01877	0.01638	0.02726	0.00775	1	0.202	0.319
384	A	0.58737	0.10343	0.06792	0.05026	0.03925	0.03165	0.02616	0.02224	0.02007	0.03461	0.01704	1	0.245	0.422
385	Y	0.58645	0.10334	0.06792	0.05030	0.03931	0.03172	0.02624	0.02232	0.02017	0.03481	0.01743	1	0.246	0.426
386	A	0.59821	0.10441	0.06788	0.04973	0.03844	0.03069	0.02510	0.02113	0.01887	0.03219	0.01334	1	0.229	0.384
387	A	0.58748	0.10344	0.06792	0.05026	0.03924	0.03164	0.02614	0.02223	0.02006	0.03458	0.01700	1	0.245	0.421
388	Q	0.56094	0.10074	0.06760	0.05112	0.04080	0.03362	0.02839	0.02467	0.02276	0.04019	0.02917	1	0.293	0.531
389	P	0.57639	0.10237	0.06787	0.05070	0.03997	0.03254	0.02715	0.02330	0.02123	0.03700	0.02148	1	0.263	0.464
390	F	0.58934	0.10362	0.06793	0.05018	0.03912	0.03149	0.02597	0.02204	0.01986	0.03418	0.01628	1	0.242	0.414
391	L	0.54318	0.09870	0.06705	0.05134	0.04149	0.03461	0.02960	0.02605	0.02434	0.04355	0.04009	1	0.333	0.616
392	L	0.54840	0.09931	0.06724	0.05130	0.04131	0.03435	0.02927	0.02566	0.02390	0.04260	0.03667	1	0.320	0.591
393	R	0.59002	0.10369	0.06794	0.05015	0.03907	0.03143	0.02591	0.02198	0.01979	0.03403	0.01599	1	0.241	0.411
394	N	0.15624	0.07475	0.07881	0.07899	0.07691	0.07365	0.07005	0.06712	0.06742	0.13174	0.12432	1	0.762	0.843
395	G	0.58548	0.10326	0.06793	0.05035	0.03939	0.03181	0.02634	0.02243	0.02028	0.03503	0.01770	1	0.248	0.428
396	A	0.59821	0.10441	0.06788	0.04973	0.03844	0.03069	0.02510	0.02113	0.01887	0.03219	0.01334	1	0.229	0.384
397	N	0.61811	0.10598	0.06752	0.04846	0.03671	0.02871	0.02301	0.01897	0.01660	0.02769	0.00825	1	0.204	0.325
398	E	0.60349	0.10485	0.06781	0.04942	0.03801	0.03018	0.02456	0.02056	0.01828	0.03100	0.01185	1	0.222	0.368
399	G	0.58548	0.10326	0.06793	0.05035	0.03939	0.03181	0.02634	0.02243	0.02028	0.03503	0.01770	1	0.248	0.428
400	F	0.56788	0.10149	0.06775	0.05096	0.04045	0.03316	0.02786	0.02408	0.02209	0.03878	0.02550	1	0.279	0.500
401	H	0.59643	0.10426	0.06790	0.04983	0.03859	0.03085	0.02528	0.02132	0.01908	0.03259	0.01388	1	0.231	0.389
402	E	0.60349	0.10485	0.06781	0.04942	0.03801	0.03018	0.02456	0.02056	0.01828	0.03100	0.01185	1	0.222	0.368
403	A	0.59798	0.10439	0.06788	0.04974	0.03846	0.03071	0.02513	0.02115	0.01890	0.03224	0.01341	1	0.229	0.384
404	V	0.60057	0.10460	0.06784	0.04958	0.03824	0.03046	0.02486	0.02087	0.01861	0.03166	0.01271	1	0.226	0.377
405	G	0.57974	0.10271	0.06790	0.05058	0.03977	0.03228	0.02686	0.02299	0.02089	0.03628	0.02001	1	0.257	0.450
406	E	0.60349	0.10485	0.06781	0.04942	0.03801	0.03018	0.02456	0.02056	0.01828	0.03100	0.01185	1	0.222	0.368
407	I	0.58015	0.10274	0.06789	0.05055	0.03973	0.03224	0.02681	0.02294	0.02084	0.03618	0.01994	1	0.257	0.450
408	M	0.61999	0.10614	0.06749	0.04835	0.03655	0.02852	0.02281	0.01877	0.01638	0.02726	0.00775	1	0.202	0.319
409	S	0.55862	0.10048	0.06754	0.05116	0.04090	0.03376	0.02856	0.02486	0.02298	0.04064	0.03050	1	0.298	0.542
410	L	0.58103	0.10283	0.06790	0.05052	0.03968	0.03217	0.02673	0.02286	0.02075	0.03599	0.01954	1	0.255	0.446
411	S	0.57685	0.10242	0.06787	0.05068	0.03994	0.03250	0.02711	0.02326	0.02119	0.03690	0.02128	1	0.262	0.462
412	A	0.58748	0.10344	0.06792	0.05026	0.03924	0.03164	0.02614	0.02223	0.02006	0.03458	0.01700	1	0.245	0.421
413	A	0.57195	0.10192	0.06781	0.05084	0.04022	0.03286	0.02752	0.02371	0.02168	0.03793	0.02356	1	0.271	0.483
414	T	0.58748	0.10344	0.06792	0.05026	0.03924	0.03164	0.02614	0.02223	0.02006	0.03458	0.01700	1	0.245	0.421
415	P	0.57639	0.10237	0.06787	0.05070	0.03997	0.03254	0.02715	0.02330	0.02123	0.03700	0.02148	1	0.263	0.464
416	K	0.59629	0.10424	0.06789	0.04982	0.03859	0.03086	0.02529	0.02132	0.01909	0.03262	0.01400	1	0.232	0.391
417	H	0.59599	0.10422	0.06790	0.04985	0.03862	0.03089	0.02532	0.02136	0.01912	0.03269	0.01404	1	0.232	0.391
418	L	0.55004	0.09951	0.06729	0.05128	0.04125	0.03426	0.02916	0.02554	0.02375	0.04229	0.03563	1	0.317	0.583
419	K	0.60349	0.10485	0.06781	0.04942	0.03801	0.03018	0.02456	0.02056	0.01828	0.03100	0.01185	1	0.222	0.368
420	S	0.55487	0.10007	0.06744	0.05123	0.04106	0.03399	0.02883	0.02517	0.02333	0.04138	0.03263	1	0.306	0.559
421	I	0.60581	0.10504	0.06778	0.04928	0.03781	0.02996	0.02432	0.02032	0.01801	0.03047	0.01119	1	0.219	0.360
422	G	0.59853	0.10445	0.06789	0.04972	0.03843	0.03067	0.02508	0.02110	0.01884	0.03212	0.01316	1	0.228	0.382
423	L	0.58103	0.10283	0.06790	0.05052	0.03968	0.03217	0.02673	0.02286	0.02075	0.03599	0.01954	1	0.255	0.446
424	L	0.54318	0.09870	0.06705	0.05134	0.04149	0.03461	0.02960	0.02605	0.02434	0.04355	0.04009	1	0.333	0.616
425	S	0.55862	0.10048	0.06754	0.05116	0.04090	0.03376	0.02856	0.02486	0.02298	0.04064	0.03050	1	0.298	0.542
426	P	0.56080	0.10073	0.06760	0.05112	0.04081	0.03363	0.02841	0.02469	0.02278	0.04022	0.02922	1	0.293	0.531
427	D	0.61811	0.10598	0.06752	0.04846	0.03671	0.02871	0.02301	0.01897	0.01660	0.02769	0.00825	1	0.204	0.325
428	F	0.58934	0.10362	0.06793	0.05018	0.03912	0.03149	0.02597	0.02204	0.01986	0.03418	0.01628	1	0.242	0.414
429	Q	0.56094	0.10074	0.06760	0.05112	0.04080	0.03362	0.02839	0.02467	0.02276	0.04019	0.02917	1	0.293	0.531
430	E	0.60332	0.10483	0.06781	0.04942	0.03802	0.03019	0.02458	0.02058	0.01829	0.03103	0.01193	1	0.222	0.368
431	D	0.59322	0.10397	0.06791	0.04998	0.03883	0.03114	0.02560	0.02164	0.01943	0.03331	0.01498	1	0.236	0.401
432	N	0.15312	0.07365	0.07793	0.07836	0.07655	0.07354	0.07014	0.06739	0.06787	0.13289	0.12855	1	0.775	0.853
433	E	0.60349	0.10485	0.06781	0.04942	0.03801	0.03018	0.02456	0.02056	0.01828	0.03100	0.01185	1	0.222	0.368
434	T	0.58748	0.10344	0.06792	0.05026	0.03924	0.03164	0.02614	0.02223	0.02006	0.03458	0.01700	1	0.245	0.421
435	E	0.60349	0.10485	0.06781	0.04942	0.03801	0.03018	0.02456	0.02056	0.01828	0.03100	0.01185	1	0.222	0.368
436	I	0.61326	0.10563	0.06765	0.04881	0.03716	0.02922	0.02354	0.01951	0.01716	0.02879	0.00928	1	0.210	0.338
437	N	0.59322	0.10397	0.06791	0.04998	0.03883	0.03114	0.02560	0.02164	0.01943	0.03331	0.01497	1	0.236	0.401
438	F	0.56788	0.10149	0.06775	0.05096	0.04045	0.03316	0.02786	0.02408	0.02209	0.03878	0.02550	1	0.279	0.500
439	L	0.54318	0.09870	0.06705	0.05134	0.04149	0.03461	0.02960	0.02605	0.02434	0.04355	0.04009	1	0.333	0.616
440	L	0.55819	0.10044	0.06753	0.05117	0.04092	0.03379	0.02859	0.02490	0.02302	0.04073	0.03073	1	0.298	0.544
441	K	0.60349	0.10485	0.06781	0.04942	0.03801	0.03018	0.02456	0.02056	0.01828	0.03100	0.01185	1	0.222	0.368
442	Q	0.56094	0.10074	0.06760	0.05112	0.04080	0.03362	0.02839	0.02467	0.02276	0.04019	0.02917	1	0.293	0.531
443	A	0.58748	0.10344	0.06792	0.05026	0.03924	0.03164	0.02614	0.02223	0.02006	0.03458	0.01700	1	0.245	0.421
444	L	0.55819	0.10044	0.06753	0.05117	0.04092	0.03379	0.02859	0.02490	0.02302	0.04073	0.03073	1	0.298	0.544
445	T	0.58056	0.10278	0.06790	0.05054	0.03971	0.03221	0.02678	0.02290	0.02080	0.03609	0.01973	1	0.256	0.448
446	I	0.60581	0.10504	0.06778	0.04928	0.03781	0.02996	0.02432	0.02032	0.01801	0.03047	0.01119	1	0.219	0.360
447	V	0.60057	0.10460	0.06784	0.04958	0.03824	0.03046	0.02486	0.02087	0.01861	0.03166	0.01271	1	0.226	0.377
448	G	0.57974	0.10271	0.06790	0.05058	0.03977	0.03228	0.02686	0.02299	0.02089	0.03628	0.02001	1	0.257	0.450
449	T	0.59821	0.10441	0.06788	0.04973	0.03844	0.03069	0.02510	0.02113	0.01887	0.03219	0.01333	1	0.229	0.384
450	L	0.54318	0.09870	0.06705	0.05134	0.04149	0.03461	0.02960	0.02605	0.02434	0.04355	0.04009	1	0.333	0.616
451	P	0.56738	0.10144	0.06774	0.05097	0.04048	0.03319	0.02789	0.02412	0.02214	0.03888	0.02577	1	0.280	0.502
452	F	0.58934	0.10362	0.06793	0.05018	0.03912	0.03149	0.02597	0.02204	0.01986	0.03418	0.01628	1	0.242	0.414
453	T	0.59821	0.10441	0.06788	0.04973	0.03844	0.03069	0.02510	0.02113	0.01887	0.03219	0.01333	1	0.229	0.384
454	Y	0.57082	0.10179	0.06778	0.05086	0.04028	0.03294	0.02761	0.02380	0.02179	0.03816	0.02417	1	0.273	0.488
455	M	0.61999	0.10614	0.06749	0.04835	0.03655	0.02852	0.02281	0.01877	0.01638	0.02726	0.00775	1	0.202	0.319
456	L	0.54913	0.09938	0.06724	0.05127	0.04125	0.03428	0.02920	0.02559	0.02381	0.04242	0.03644	1	0.320	0.589
457	E	0.59629	0.10424	0.06789	0.04982	0.03859	0.03086	0.02529	0.02132	0.01909	0.03262	0.01400	1	0.232	0.391
458	K	0.59629	0.10424	0.06789	0.04982	0.03859	0.03086	0.02529	0.02132	0.01909	0.03262	0.01400	1	0.232	0.391
459	W	0.53716	0.09797	0.06682	0.05136	0.04167	0.03490	0.02996	0.02647	0.02483	0.04462	0.04425	1	0.348	0.646
460	R	0.58472	0.10319	0.06793	0.05039	0.03945	0.03188	0.02641	0.02251	0.02036	0.03520	0.01797	1	0.249	0.431
461	W	0.53716	0.09797	0.06682	0.05136	0.04167	0.03490	0.02996	0.02647	0.02483	0.04462	0.04425	1	0.348	0.646
462	M	0.61999	0.10614	0.06749	0.04835	0.03655	0.02852	0.02281	0.01877	0.01638	0.02726	0.00775	1	0.202	0.319
463	V	0.57388	0.10211	0.06782	0.05077	0.04011	0.03271	0.02735	0.02352	0.02148	0.03751	0.02273	1	0.268	0.476
464	F	0.58832	0.10352	0.06793	0.05022	0.03919	0.03157	0.02607	0.02214	0.01997	0.03440	0.01668	1	0.243	0.418
465	K	0.00769	0.01258	0.02283	0.03286	0.04202	0.05010	0.05717	0.06391	0.07304	0.15513	0.48268	11	1.920	1.423
466	G	0.59612	0.10423	0.06791	0.04985	0.03862	0.03089	0.02532	0.02135	0.01911	0.03267	0.01394	1	0.232	0.390
467	E	0.60317	0.10481	0.06781	0.04943	0.03802	0.03020	0.02459	0.02059	0.01831	0.03107	0.01200	1	0.222	0.369
468	I	0.60581	0.10504	0.06778	0.04928	0.03781	0.02996	0.02432	0.02032	0.01801	0.03047	0.01119	1	0.219	0.360
469	P	0.55451	0.10002	0.06743	0.05123	0.04108	0.03401	0.02886	0.02520	0.02336	0.04145	0.03284	1	0.306	0.561
470	K	0.14110	0.06912	0.07395	0.07516	0.07419	0.07200	0.06937	0.06731	0.06844	0.13509	0.15427	11	0.852	0.936
471	D	0.13144	0.06538	0.07062	0.07242	0.07211	0.07058	0.06857	0.06707	0.06871	0.13650	0.17659	11	0.920	1.001
472	Q	0.55761	0.10035	0.06749	0.05115	0.04092	0.03380	0.02861	0.02492	0.02305	0.04081	0.03130	1	0.300	0.549
473	W	0.53716	0.09797	0.06682	0.05136	0.04167	0.03490	0.02996	0.02647	0.02483	0.04462	0.04425	1	0.348	0.646
474	M	0.61999	0.10614	0.06749	0.04835	0.03655	0.02852	0.02281	0.01877	0.01638	0.02726	0.00775	1	0.202	0.319
475	K	0.60349	0.10485	0.06781	0.04942	0.03801	0.03018	0.02456	0.02056	0.01828	0.03100	0.01185	1	0.222	0.368
476	K	0.59629	0.10424	0.06789	0.04982	0.03859	0.03086	0.02529	0.02132	0.01909	0.03262	0.01400	1	0.232	0.391
477	W	0.53716	0.09797	0.06682	0.05136	0.04167	0.03490	0.02996	0.02647	0.02483	0.04462	0.04425	1	0.348	0.646
478	W	0.53716	0.09797	0.06682	0.05136	0.04167	0.03490	0.02996	0.02647	0.02483	0.04462	0.04425	1	0.348	0.646
479	E	0.13299	0.06597	0.07113	0.07282	0.07239	0.07074	0.06863	0.06703	0.06859	0.13611	0.17361	11	0.911	0.994
480	M	0.61999	0.10614	0.06749	0.04835	0.03655	0.02852	0.02281	0.01877	0.01638	0.02726	0.00775	1	0.202	0.319
481	K	0.59629	0.10424	0.06789	0.04982	0.03859	0.03086	0.02529	0.02132	0.01909	0.03262	0.01400	1	0.232	0.391
482	R	0.54890	0.09938	0.06726	0.05130	0.04130	0.03432	0.02924	0.02563	0.02386	0.04251	0.03631	1	0.319	0.588
483	E	0.59629	0.10424	0.06789	0.04982	0.03859	0.03086	0.02529	0.02132	0.01909	0.03262	0.01400	1	0.232	0.391
484	I	0.61326	0.10563	0.06765	0.04881	0.03716	0.02922	0.02354	0.01951	0.01716	0.02879	0.00928	1	0.210	0.338
485	V	0.60057	0.10460	0.06784	0.04958	0.03824	0.03046	0.02486	0.02087	0.01861	0.03166	0.01271	1	0.226	0.377
486	G	0.58236	0.10296	0.06792	0.05048	0.03960	0.03207	0.02662	0.02273	0.02061	0.03571	0.01892	1	0.253	0.440
487	V	0.58154	0.10287	0.06789	0.05049	0.03963	0.03212	0.02668	0.02280	0.02069	0.03587	0.01940	1	0.254	0.445
488	V	0.58154	0.10287	0.06789	0.05049	0.03963	0.03212	0.02668	0.02280	0.02069	0.03587	0.01940	1	0.254	0.445
489	E	0.60349	0.10485	0.06781	0.04942	0.03801	0.03018	0.02456	0.02056	0.01828	0.03100	0.01185	1	0.222	0.368
490	P	0.57639	0.10237	0.06787	0.05070	0.03997	0.03254	0.02715	0.02330	0.02123	0.03700	0.02148	1	0.263	0.464
491	V	0.58154	0.10287	0.06789	0.05049	0.03963	0.03212	0.02668	0.02280	0.02069	0.03587	0.01940	1	0.254	0.445
492	P	0.55451	0.10002	0.06743	0.05123	0.04108	0.03401	0.02886	0.02520	0.02336	0.04145	0.03284	1	0.306	0.561
493	H	0.59643	0.10426	0.06790	0.04983	0.03859	0.03085	0.02528	0.02132	0.01908	0.03259	0.01388	1	0.231	0.389
494	D	0.61811	0.10598	0.06752	0.04846	0.03671	0.02871	0.02301	0.01897	0.01660	0.02769	0.00825	1	0.204	0.325
495	E	0.60349	0.10485	0.06781	0.04942	0.03801	0.03018	0.02456	0.02056	0.01828	0.03100	0.01185	1	0.222	0.368
496	T	0.58748	0.10344	0.06792	0.05026	0.03924	0.03164	0.02614	0.02223	0.02006	0.03458	0.01700	1	0.245	0.421
497	Y	0.56251	0.10091	0.06763	0.05108	0.04071	0.03351	0.02827	0.02453	0.02261	0.03986	0.02837	1	0.290	0.524
498	C	0.57753	0.10249	0.06788	0.05067	0.03991	0.03246	0.02705	0.02320	0.02112	0.03676	0.02093	1	0.261	0.459
499	D	0.59322	0.10397	0.06791	0.04998	0.03883	0.03114	0.02560	0.02164	0.01943	0.03331	0.01498	1	0.236	0.401
500	P	0.55451	0.10002	0.06743	0.05123	0.04108	0.03401	0.02886	0.02520	0.02336	0.04145	0.03284	1	0.306	0.561
501	A	0.58670	0.10337	0.06792	0.05029	0.03930	0.03171	0.02622	0.02230	0.02014	0.03475	0.01730	1	0.246	0.424
502	S	0.57685	0.10242	0.06787	0.05068	0.03994	0.03250	0.02711	0.02326	0.02119	0.03690	0.02128	1	0.262	0.462
503	L	0.54318	0.09870	0.06705	0.05134	0.04149	0.03461	0.02960	0.02605	0.02434	0.04355	0.04009	1	0.333	0.616
504	F	0.56788	0.10149	0.06775	0.05096	0.04045	0.03316	0.02786	0.02408	0.02209	0.03878	0.02550	1	0.279	0.500
505	H	0.59643	0.10426	0.06790	0.04983	0.03859	0.03085	0.02528	0.02132	0.01908	0.03259	0.01388	1	0.231	0.389
506	V	0.60057	0.10460	0.06784	0.04958	0.03824	0.03046	0.02486	0.02087	0.01861	0.03166	0.01271	1	0.226	0.377
507	S	0.57685	0.10242	0.06787	0.05068	0.03994	0.03250	0.02711	0.02326	0.02119	0.03690	0.02128	1	0.262	0.462
508	N	0.61742	0.10593	0.06753	0.04850	0.03677	0.02877	0.02308	0.01904	0.01668	0.02784	0.00843	1	0.205	0.327
509	D	0.61811	0.10598	0.06752	0.04846	0.03671	0.02871	0.02301	0.01897	0.01660	0.02769	0.00825	1	0.204	0.325
510	Y	0.56251	0.10091	0.06763	0.05108	0.04071	0.03351	0.02827	0.02453	0.02261	0.03986	0.02837	1	0.290	0.524
511	S	0.55862	0.10048	0.06754	0.05116	0.04090	0.03376	0.02856	0.02486	0.02298	0.04064	0.03050	1	0.298	0.542
512	F	0.56788	0.10149	0.06775	0.05096	0.04045	0.03316	0.02786	0.02408	0.02209	0.03878	0.02550	1	0.279	0.500
513	I	0.60581	0.10504	0.06778	0.04928	0.03781	0.02996	0.02432	0.02032	0.01801	0.03047	0.01119	1	0.219	0.360
514	R	0.54896	0.09938	0.06726	0.05130	0.04129	0.03432	0.02924	0.02563	0.02385	0.04250	0.03627	1	0.319	0.587
515	Y	0.58644	0.10334	0.06792	0.05030	0.03931	0.03172	0.02624	0.02232	0.02017	0.03481	0.01743	1	0.246	0.426
516	Y	0.56251	0.10091	0.06763	0.05108	0.04071	0.03351	0.02827	0.02453	0.02261	0.03986	0.02837	1	0.290	0.524
517	T	0.58748	0.10344	0.06792	0.05026	0.03924	0.03164	0.02614	0.02223	0.02006	0.03458	0.01700	1	0.245	0.421
518	R	0.58472	0.10319	0.06793	0.05039	0.03945	0.03188	0.02641	0.02251	0.02036	0.03520	0.01797	1	0.249	0.431
519	T	0.57195	0.10192	0.06781	0.05084	0.04023	0.03286	0.02752	0.02371	0.02168	0.03793	0.02356	1	0.271	0.483
520	L	0.58103	0.10283	0.06790	0.05052	0.03968	0.03217	0.02673	0.02286	0.02075	0.03599	0.01954	1	0.255	0.446
521	Y	0.56251	0.10091	0.06763	0.05108	0.04071	0.03351	0.02827	0.02453	0.02261	0.03986	0.02837	1	0.290	0.524
522	Q	0.56094	0.10074	0.06760	0.05112	0.04080	0.03362	0.02839	0.02467	0.02276	0.04019	0.02917	1	0.293	0.531
523	F	0.56788	0.10149	0.06775	0.05096	0.04045	0.03316	0.02786	0.02408	0.02209	0.03878	0.02550	1	0.279	0.500
524	Q	0.55624	0.10022	0.06748	0.05121	0.04101	0.03391	0.02874	0.02506	0.02320	0.04111	0.03183	1	0.303	0.553
525	F	0.58934	0.10362	0.06793	0.05018	0.03912	0.03149	0.02597	0.02204	0.01986	0.03418	0.01628	1	0.242	0.414
526	Q	0.09833	0.05156	0.05748	0.06074	0.06228	0.06272	0.06266	0.06298	0.06622	0.13437	0.28066	11	1.248	1.265
527	E	0.60349	0.10485	0.06781	0.04942	0.03801	0.03018	0.02456	0.02056	0.01828	0.03100	0.01185	1	0.222	0.368
528	A	0.58724	0.10342	0.06792	0.05027	0.03926	0.03166	0.02617	0.02225	0.02008	0.03464	0.01709	1	0.245	0.422
529	L	0.58103	0.10283	0.06790	0.05052	0.03968	0.03217	0.02673	0.02286	0.02075	0.03599	0.01954	1	0.255	0.446
530	C	0.57715	0.10245	0.06788	0.05068	0.03993	0.03249	0.02709	0.02323	0.02116	0.03684	0.02111	1	0.262	0.460
531	Q	0.56094	0.10074	0.06760	0.05112	0.04080	0.03362	0.02839	0.02467	0.02276	0.04019	0.02917	1	0.293	0.531
532	A	0.58748	0.10344	0.06792	0.05026	0.03924	0.03164	0.02614	0.02223	0.02006	0.03458	0.01700	1	0.245	0.421
533	A	0.59821	0.10441	0.06788	0.04973	0.03844	0.03069	0.02510	0.02113	0.01887	0.03219	0.01334	1	0.229	0.384
534	K	0.60349	0.10485	0.06781	0.04942	0.03801	0.03018	0.02456	0.02056	0.01828	0.03100	0.01185	1	0.222	0.368
535	H	0.59053	0.10372	0.06791	0.05011	0.03902	0.03137	0.02585	0.02191	0.01972	0.03390	0.01595	1	0.240	0.411
536	E	0.60349	0.10485	0.06781	0.04942	0.03801	0.03018	0.02456	0.02056	0.01828	0.03100	0.01185	1	0.222	0.368
537	G	0.58345	0.10306	0.06791	0.05043	0.03952	0.03198	0.02652	0.02262	0.02049	0.03547	0.01855	1	0.251	0.437
538	P	0.57639	0.10237	0.06787	0.05070	0.03997	0.03254	0.02715	0.02330	0.02123	0.03700	0.02148	1	0.263	0.464
539	L	0.54318	0.09870	0.06705	0.05134	0.04149	0.03461	0.02960	0.02605	0.02434	0.04355	0.04009	1	0.333	0.616
540	H	0.57415	0.10214	0.06784	0.05077	0.04010	0.03271	0.02734	0.02351	0.02146	0.03747	0.02250	1	0.267	0.473
541	K	0.14132	0.06920	0.07403	0.07522	0.07424	0.07203	0.06939	0.06732	0.06843	0.13505	0.15376	11	0.851	0.934
542	C	0.57753	0.10249	0.06788	0.05067	0.03991	0.03246	0.02705	0.02320	0.02112	0.03676	0.02093	1	0.261	0.459
543	D	0.59344	0.10399	0.06791	0.04997	0.03881	0.03112	0.02557	0.02162	0.01940	0.03326	0.01492	1	0.236	0.400
544	I	0.58015	0.10274	0.06789	0.05055	0.03973	0.03224	0.02681	0.02294	0.02084	0.03618	0.01994	1	0.257	0.450
545	S	0.55862	0.10048	0.06754	0.05116	0.04090	0.03376	0.02856	0.02486	0.02298	0.04064	0.03050	1	0.298	0.542
546	N	0.13505	0.06678	0.07187	0.07345	0.07288	0.07110	0.06886	0.06715	0.06860	0.13595	0.16832	11	0.895	0.978
547	S	0.57685	0.10242	0.06787	0.05068	0.03994	0.03250	0.02711	0.02326	0.02119	0.03690	0.02128	1	0.262	0.462
548	T	0.58748	0.10344	0.06792	0.05026	0.03924	0.03164	0.02614	0.02223	0.02006	0.03458	0.01700	1	0.245	0.421
549	E	0.60349	0.10485	0.06781	0.04942	0.03801	0.03018	0.02456	0.02056	0.01828	0.03100	0.01185	1	0.222	0.368
550	A	0.59821	0.10441	0.06788	0.04973	0.03844	0.03069	0.02510	0.02113	0.01887	0.03219	0.01334	1	0.229	0.384
551	G	0.58548	0.10326	0.06793	0.05035	0.03939	0.03181	0.02634	0.02243	0.02028	0.03503	0.01770	1	0.248	0.428
552	Q	0.55625	0.10021	0.06747	0.05119	0.04099	0.03390	0.02872	0.02505	0.02319	0.04109	0.03193	1	0.303	0.554
553	K	0.60349	0.10485	0.06781	0.04942	0.03801	0.03018	0.02456	0.02056	0.01828	0.03100	0.01185	1	0.222	0.368
554	L	0.54388	0.09878	0.06708	0.05133	0.04146	0.03458	0.02956	0.02599	0.02428	0.04342	0.03965	1	0.331	0.613
555	F	0.09565	0.05035	0.05628	0.05961	0.06126	0.06183	0.06191	0.06236	0.06571	0.13355	0.29147	11	1.283	1.289
556	N	0.61811	0.10598	0.06752	0.04846	0.03671	0.02871	0.02301	0.01897	0.01660	0.02769	0.00825	1	0.204	0.325
557	M	0.61999	0.10614	0.06749	0.04835	0.03655	0.02852	0.02281	0.01877	0.01638	0.02726	0.00775	1	0.202	0.319
558	L	0.54321	0.09870	0.06705	0.05134	0.04148	0.03461	0.02960	0.02604	0.02434	0.04354	0.04007	1	0.333	0.616
559	R	0.12263	0.06188	0.06743	0.06972	0.06998	0.06903	0.06758	0.06659	0.06870	0.13728	0.19918	11	0.990	1.063
560	L	0.58047	0.10277	0.06790	0.05055	0.03971	0.03222	0.02678	0.02291	0.02081	0.03611	0.01977	1	0.256	0.448
561	G	0.58548	0.10326	0.06793	0.05035	0.03939	0.03181	0.02634	0.02243	0.02028	0.03503	0.01770	1	0.248	0.428
562	K	0.60349	0.10485	0.06781	0.04942	0.03801	0.03018	0.02456	0.02056	0.01828	0.03100	0.01185	1	0.222	0.368
563	S	0.55862	0.10048	0.06754	0.05116	0.04090	0.03376	0.02856	0.02486	0.02298	0.04064	0.03050	1	0.298	0.542
564	E	0.60349	0.10485	0.06781	0.04942	0.03801	0.03018	0.02456	0.02056	0.01828	0.03100	0.01185	1	0.222	0.368
565	P	0.55565	0.10015	0.06747	0.05122	0.04103	0.03394	0.02878	0.02511	0.02326	0.04123	0.03217	1	0.304	0.555
566	W	0.53716	0.09797	0.06682	0.05136	0.04167	0.03490	0.02996	0.02647	0.02483	0.04462	0.04425	1	0.348	0.646
567	T	0.57218	0.10194	0.06781	0.05083	0.04021	0.03285	0.02750	0.02368	0.02166	0.03788	0.02347	1	0.271	0.482
568	L	0.54840	0.09931	0.06724	0.05130	0.04131	0.03435	0.02927	0.02566	0.02390	0.04260	0.03667	1	0.320	0.591
569	A	0.58704	0.10340	0.06792	0.05028	0.03927	0.03168	0.02619	0.02227	0.02011	0.03468	0.01717	1	0.245	0.423
570	L	0.54865	0.09935	0.06725	0.05130	0.04130	0.03434	0.02926	0.02565	0.02387	0.04255	0.03648	1	0.320	0.589
571	E	0.60349	0.10485	0.06781	0.04942	0.03801	0.03018	0.02456	0.02056	0.01828	0.03100	0.01185	1	0.222	0.368
572	N	0.61811	0.10598	0.06752	0.04846	0.03671	0.02871	0.02301	0.01897	0.01660	0.02769	0.00825	1	0.204	0.325
573	V	0.60057	0.10460	0.06784	0.04958	0.03824	0.03046	0.02486	0.02087	0.01861	0.03166	0.01271	1	0.226	0.377
574	V	0.58967	0.10364	0.06791	0.05015	0.03908	0.03144	0.02593	0.02200	0.01981	0.03409	0.01628	1	0.242	0.414
575	G	0.58548	0.10326	0.06793	0.05035	0.03939	0.03181	0.02634	0.02243	0.02028	0.03503	0.01770	1	0.248	0.428
576	A	0.58748	0.10344	0.06792	0.05026	0.03924	0.03164	0.02614	0.02223	0.02006	0.03458	0.01700	1	0.245	0.421
577	K	0.59629	0.10424	0.06789	0.04982	0.03859	0.03086	0.02529	0.02132	0.01909	0.03262	0.01400	1	0.232	0.391
578	N	0.60270	0.10476	0.06779	0.04943	0.03805	0.03023	0.02463	0.02064	0.01836	0.03117	0.01225	1	0.223	0.372
579	M	0.61999	0.10614	0.06749	0.04835	0.03655	0.02852	0.02281	0.01877	0.01638	0.02726	0.00775	1	0.202	0.319
580	N	0.01057	0.01680	0.02988	0.04215	0.05287	0.06182	0.06920	0.07587	0.08504	0.17719	0.37863	11	1.583	1.276
581	V	0.58945	0.10362	0.06791	0.05015	0.03909	0.03146	0.02595	0.02202	0.01984	0.03414	0.01636	1	0.242	0.415
582	R	0.58957	0.10364	0.06793	0.05017	0.03910	0.03147	0.02595	0.02202	0.01983	0.03413	0.01617	1	0.241	0.413
583	P	0.56774	0.10148	0.06774	0.05096	0.04046	0.03317	0.02787	0.02409	0.02211	0.03881	0.02559	1	0.279	0.501
584	L	0.54318	0.09870	0.06705	0.05134	0.04149	0.03461	0.02960	0.02605	0.02434	0.04355	0.04009	1	0.333	0.616
585	L	0.55819	0.10044	0.06753	0.05117	0.04092	0.03379	0.02859	0.02490	0.02302	0.04073	0.03073	1	0.298	0.544
586	N	0.59322	0.10397	0.06791	0.04998	0.03883	0.03114	0.02560	0.02164	0.01943	0.03331	0.01497	1	0.236	0.401
587	Y	0.56251	0.10091	0.06763	0.05108	0.04071	0.03351	0.02827	0.02453	0.02261	0.03986	0.02837	1	0.290	0.524
588	F	0.58934	0.10362	0.06793	0.05018	0.03912	0.03149	0.02597	0.02204	0.01986	0.03418	0.01628	1	0.242	0.414
589	E	0.59629	0.10424	0.06789	0.04982	0.03859	0.03086	0.02529	0.02132	0.01909	0.03262	0.01400	1	0.232	0.391
590	P	0.55451	0.10002	0.06743	0.05123	0.04108	0.03401	0.02886	0.02520	0.02336	0.04145	0.03284	1	0.306	0.561
591	L	0.54886	0.09936	0.06725	0.05129	0.04129	0.03432	0.02923	0.02563	0.02385	0.04250	0.03642	1	0.320	0.589
592	F	0.58934	0.10362	0.06793	0.05018	0.03912	0.03149	0.02597	0.02204	0.01986	0.03418	0.01628	1	0.242	0.414
593	T	0.57223	0.10194	0.06781	0.05083	0.04021	0.03284	0.02750	0.02368	0.02166	0.03787	0.02343	1	0.271	0.482
594	W	0.53716	0.09797	0.06682	0.05136	0.04167	0.03490	0.02996	0.02647	0.02483	0.04462	0.04425	1	0.348	0.646
595	L	0.54318	0.09870	0.06705	0.05134	0.04149	0.03461	0.02960	0.02605	0.02434	0.04355	0.04009	1	0.333	0.616
596	K	0.60349	0.10485	0.06781	0.04942	0.03801	0.03018	0.02456	0.02056	0.01828	0.03100	0.01185	1	0.222	0.368
597	D	0.13005	0.06484	0.07013	0.07201	0.07179	0.07035	0.06842	0.06700	0.06872	0.13665	0.18005	11	0.931	1.011
598	Q	0.55624	0.10022	0.06748	0.05121	0.04101	0.03391	0.02874	0.02506	0.02320	0.04111	0.03183	1	0.303	0.553
599	N	0.59322	0.10397	0.06791	0.04998	0.03883	0.03114	0.02560	0.02164	0.01943	0.03331	0.01497	1	0.236	0.401
600	K	0.59629	0.10424	0.06789	0.04982	0.03859	0.03086	0.02529	0.02132	0.01909	0.03262	0.01400	1	0.232	0.391
601	N	0.61811	0.10598	0.06752	0.04846	0.03671	0.02871	0.02301	0.01897	0.01660	0.02769	0.00825	1	0.204	0.325
602	S	0.57685	0.10242	0.06787	0.05068	0.03994	0.03250	0.02711	0.02326	0.02119	0.03690	0.02128	1	0.262	0.462
603	F	0.58934	0.10362	0.06793	0.05018	0.03912	0.03149	0.02597	0.02204	0.01986	0.03418	0.01628	1	0.242	0.414
604	V	0.58154	0.10287	0.06789	0.05049	0.03963	0.03212	0.02668	0.02280	0.02069	0.03587	0.01940	1	0.254	0.445
605	G	0.58548	0.10326	0.06793	0.05035	0.03939	0.03181	0.02634	0.02243	0.02028	0.03503	0.01770	1	0.248	0.428
606	W	0.53716	0.09797	0.06682	0.05136	0.04167	0.03490	0.02996	0.02647	0.02483	0.04462	0.04425	1	0.348	0.646
607	S	0.14114	0.06917	0.07404	0.07528	0.07433	0.07216	0.06954	0.06749	0.06862	0.13544	0.15280	11	0.848	0.929
608	T	0.57195	0.10192	0.06781	0.05084	0.04023	0.03286	0.02752	0.02371	0.02168	0.03793	0.02356	1	0.271	0.483
609	D	0.00689	0.01138	0.02082	0.03019	0.03890	0.04670	0.05367	0.06041	0.06951	0.14862	0.51289	11	2.018	1.449
610	W	0.53716	0.09797	0.06682	0.05136	0.04167	0.03490	0.02996	0.02647	0.02483	0.04462	0.04425	1	0.348	0.646
611	S	0.60447	0.10495	0.06783	0.04939	0.03795	0.03011	0.02448	0.02047	0.01817	0.03078	0.01140	1	0.220	0.362
612	P	0.56642	0.10134	0.06772	0.05099	0.04053	0.03326	0.02797	0.02420	0.02224	0.03908	0.02626	1	0.282	0.506
613	Y	0.58645	0.10334	0.06792	0.05030	0.03931	0.03172	0.02624	0.02232	0.02017	0.03481	0.01743	1	0.246	0.426
614	A	0.13288	0.06596	0.07115	0.07288	0.07248	0.07085	0.06875	0.06717	0.06874	0.13644	0.17270	11	0.909	0.989
615	D	0.59322	0.10397	0.06791	0.04998	0.03883	0.03114	0.02560	0.02164	0.01943	0.03331	0.01498	1	0.236	0.401
616	Q	0.56094	0.10074	0.06760	0.05112	0.04080	0.03362	0.02839	0.02467	0.02276	0.04019	0.02917	1	0.293	0.531
617	S	0.11541	0.05892	0.06464	0.06727	0.06795	0.06744	0.06642	0.06584	0.06832	0.13715	0.22064	11	1.057	1.121
618	I	0.58015	0.10274	0.06789	0.05055	0.03973	0.03224	0.02681	0.02294	0.02084	0.03618	0.01994	1	0.257	0.450
619	K	0.60349	0.10485	0.06781	0.04942	0.03801	0.03018	0.02456	0.02056	0.01828	0.03100	0.01185	1	0.222	0.368
620	V	0.58154	0.10287	0.06789	0.05049	0.03963	0.03212	0.02668	0.02280	0.02069	0.03587	0.01940	1	0.254	0.445
621	R	0.58472	0.10319	0.06793	0.05039	0.03945	0.03188	0.02641	0.02251	0.02036	0.03520	0.01797	1	0.249	0.431
622	I	0.61326	0.10563	0.06765	0.04881	0.03716	0.02922	0.02354	0.01951	0.01716	0.02879	0.00928	1	0.210	0.338
623	S	0.57928	0.10267	0.06790	0.05060	0.03980	0.03232	0.02690	0.02303	0.02094	0.03638	0.02018	1	0.258	0.452
624	L	0.54839	0.09931	0.06724	0.05130	0.04131	0.03435	0.02927	0.02566	0.02390	0.04260	0.03669	1	0.321	0.591
625	K	0.60349	0.10485	0.06781	0.04942	0.03801	0.03018	0.02456	0.02056	0.01828	0.03100	0.01185	1	0.222	0.368
626	S	0.55862	0.10048	0.06754	0.05116	0.04090	0.03376	0.02856	0.02486	0.02298	0.04064	0.03050	1	0.298	0.542
627	A	0.59821	0.10441	0.06788	0.04973	0.03844	0.03069	0.02510	0.02113	0.01887	0.03219	0.01334	1	0.229	0.384
628	L	0.58103	0.10283	0.06790	0.05052	0.03968	0.03217	0.02673	0.02286	0.02075	0.03599	0.01954	1	0.255	0.446
629	G	0.58548	0.10326	0.06793	0.05035	0.03939	0.03181	0.02634	0.02243	0.02028	0.03503	0.01770	1	0.248	0.428
630	D	0.01034	0.01646	0.02930	0.04139	0.05196	0.06082	0.06815	0.07481	0.08395	0.17516	0.38766	11	1.612	1.294
631	K	0.00014	0.00069	0.00212	0.00433	0.00724	0.01072	0.01470	0.01930	0.02546	0.06183	0.85346	11	3.136	1.296
632	A	0.58748	0.10344	0.06792	0.05026	0.03924	0.03164	0.02614	0.02223	0.02006	0.03458	0.01700	1	0.245	0.421
633	Y	0.58645	0.10334	0.06792	0.05030	0.03931	0.03172	0.02624	0.02232	0.02017	0.03481	0.01743	1	0.246	0.426
634	E	0.00829	0.01349	0.02441	0.03499	0.04459	0.05295	0.06020	0.06702	0.07629	0.16134	0.45643	11	1.833	1.392
635	W	0.53716	0.09797	0.06682	0.05136	0.04167	0.03490	0.02996	0.02647	0.02483	0.04462	0.04425	1	0.348	0.646
636	N	0.59400	0.10403	0.06790	0.04993	0.03876	0.03106	0.02551	0.02156	0.01934	0.03313	0.01478	1	0.235	0.399
637	D	0.59322	0.10397	0.06791	0.04998	0.03883	0.03114	0.02560	0.02164	0.01943	0.03331	0.01498	1	0.236	0.401
638	N	0.61811	0.10598	0.06752	0.04846	0.03671	0.02871	0.02301	0.01897	0.01660	0.02769	0.00825	1	0.204	0.325
639	E	0.60349	0.10485	0.06781	0.04942	0.03801	0.03018	0.02456	0.02056	0.01828	0.03100	0.01185	1	0.222	0.368
640	M	0.61999	0.10614	0.06749	0.04835	0.03655	0.02852	0.02281	0.01877	0.01638	0.02726	0.00775	1	0.202	0.319
641	Y	0.56377	0.10105	0.06766	0.05105	0.04065	0.03343	0.02817	0.02443	0.02249	0.03961	0.02769	1	0.287	0.519
642	L	0.54318	0.09870	0.06705	0.05134	0.04149	0.03461	0.02960	0.02605	0.02434	0.04355	0.04009	1	0.333	0.616
643	F	0.56788	0.10149	0.06775	0.05096	0.04045	0.03316	0.02786	0.02408	0.02209	0.03878	0.02550	1	0.279	0.500
644	R	0.55135	0.09966	0.06734	0.05127	0.04120	0.03419	0.02908	0.02544	0.02364	0.04205	0.03479	1	0.314	0.576
645	S	0.55862	0.10048	0.06754	0.05116	0.04090	0.03376	0.02856	0.02486	0.02298	0.04064	0.03050	1	0.298	0.542
646	S	0.57685	0.10242	0.06787	0.05068	0.03994	0.03250	0.02711	0.02326	0.02119	0.03690	0.02128	1	0.262	0.462
647	V	0.13824	0.06802	0.07297	0.07436	0.07358	0.07158	0.06914	0.06724	0.06852	0.13550	0.16086	11	0.873	0.956
648	A	0.58725	0.10342	0.06792	0.05027	0.03926	0.03166	0.02617	0.02225	0.02008	0.03463	0.01709	1	0.245	0.422
649	Y	0.58645	0.10334	0.06792	0.05030	0.03931	0.03172	0.02624	0.02232	0.02017	0.03481	0.01743	1	0.246	0.426
650	A	0.57431	0.10216	0.06784	0.05076	0.04009	0.03269	0.02732	0.02349	0.02144	0.03743	0.02245	1	0.267	0.473
651	M	0.15972	0.07605	0.07996	0.07993	0.07762	0.07413	0.07031	0.06718	0.06730	0.13118	0.11661	1	0.739	0.815
652	R	0.58648	0.10334	0.06791	0.05029	0.03930	0.03172	0.02623	0.02232	0.02016	0.03480	0.01744	1	0.246	0.426
653	Q	0.00000	0.00000	0.00001	0.00006	0.00016	0.00035	0.00066	0.00113	0.00190	0.00571	0.99001	11	3.563	0.945
654	Y	0.57199	0.10191	0.06780	0.05083	0.04021	0.03285	0.02751	0.02370	0.02167	0.03791	0.02362	1	0.271	0.483
655	F	0.58934	0.10362	0.06793	0.05018	0.03912	0.03149	0.02597	0.02204	0.01986	0.03418	0.01628	1	0.242	0.414
656	L	0.08922	0.04742	0.05332	0.05681	0.05870	0.05958	0.05997	0.06073	0.06431	0.13122	0.31872	11	1.372	1.344
657	K	0.00018	0.00088	0.00270	0.00548	0.00909	0.01337	0.01819	0.02368	0.03097	0.07433	0.82114	11	3.029	1.343
658	V	0.00000	0.00000	0.00001	0.00004	0.00010	0.00022	0.00042	0.00073	0.00124	0.00375	0.99350	11	3.573	0.933
659	K	0.60349	0.10485	0.06781	0.04942	0.03801	0.03018	0.02456	0.02056	0.01828	0.03100	0.01185	1	0.222	0.368
660	N	0.00907	0.01463	0.02627	0.03742	0.04738	0.05592	0.06318	0.06993	0.07913	0.16642	0.43065	11	1.750	1.360
661	Q	0.55624	0.10022	0.06748	0.05121	0.04101	0.03391	0.02874	0.02506	0.02320	0.04111	0.03183	1	0.303	0.553
662	M	0.00019	0.00093	0.00283	0.00574	0.00950	0.01392	0.01889	0.02452	0.03197	0.07650	0.81501	11	3.010	1.352
663	I	0.60581	0.10504	0.06778	0.04928	0.03781	0.02996	0.02432	0.02032	0.01801	0.03047	0.01119	1	0.219	0.360
664	L	0.11485	0.05868	0.06440	0.06706	0.06777	0.06729	0.06630	0.06575	0.06825	0.13706	0.22259	11	1.063	1.126
665	F	0.58934	0.10362	0.06793	0.05018	0.03912	0.03149	0.02597	0.02204	0.01986	0.03418	0.01628	1	0.242	0.414
666	G	0.57974	0.10271	0.06790	0.05058	0.03977	0.03228	0.02686	0.02299	0.02089	0.03628	0.02001	1	0.257	0.450
667	E	0.59401	0.10403	0.06790	0.04993	0.03876	0.03106	0.02551	0.02156	0.01934	0.03313	0.01478	1	0.235	0.399
668	E	0.59400	0.10403	0.06790	0.04994	0.03876	0.03106	0.02551	0.02156	0.01934	0.03313	0.01477	1	0.235	0.399
669	D	0.61547	0.10579	0.06758	0.04864	0.03695	0.02898	0.02329	0.01926	0.01690	0.02828	0.00885	1	0.207	0.333
670	V	0.57928	0.10265	0.06788	0.05058	0.03978	0.03230	0.02688	0.02302	0.02092	0.03636	0.02037	1	0.258	0.454
671	R	0.54749	0.09921	0.06721	0.05131	0.04135	0.03440	0.02933	0.02574	0.02398	0.04277	0.03722	1	0.323	0.595
672	V	0.58403	0.10311	0.06791	0.05039	0.03947	0.03192	0.02646	0.02256	0.02042	0.03533	0.01841	1	0.250	0.435
673	A	0.59590	0.10421	0.06790	0.04985	0.03862	0.03090	0.02533	0.02137	0.01913	0.03271	0.01409	1	0.232	0.392
674	N	0.14276	0.06979	0.07461	0.07576	0.07470	0.07242	0.06970	0.06755	0.06859	0.13523	0.14889	11	0.836	0.917
675	L	0.08592	0.04589	0.05176	0.05531	0.05732	0.05834	0.05889	0.05979	0.06348	0.12979	0.33352	11	1.421	1.372
676	K	0.60108	0.10464	0.06784	0.04955	0.03820	0.03041	0.02481	0.02082	0.01855	0.03154	0.01256	1	0.225	0.376
677	P	0.56560	0.10125	0.06770	0.05101	0.04057	0.03331	0.02803	0.02427	0.02232	0.03925	0.02668	1	0.283	0.510
678	R	0.58784	0.10349	0.06793	0.05025	0.03923	0.03162	0.02612	0.02219	0.02002	0.03451	0.01680	1	0.244	0.419
679	I	0.57813	0.10254	0.06787	0.05063	0.03985	0.03239	0.02699	0.02313	0.02105	0.03661	0.02081	1	0.260	0.458
680	S	0.55334	0.09989	0.06740	0.05125	0.04113	0.03408	0.02894	0.02529	0.02346	0.04167	0.03355	1	0.309	0.566
681	F	0.58717	0.10342	0.06793	0.05027	0.03927	0.03167	0.02618	0.02226	0.02009	0.03465	0.01709	1	0.245	0.422
682	N	0.61547	0.10579	0.06758	0.04864	0.03695	0.02898	0.02329	0.01926	0.01690	0.02828	0.00884	1	0.207	0.333
683	F	0.56610	0.10130	0.06771	0.05100	0.04054	0.03328	0.02800	0.02423	0.02227	0.03915	0.02642	1	0.282	0.508
684	F	0.12107	0.06123	0.06680	0.06915	0.06948	0.06862	0.06725	0.06635	0.06853	0.13707	0.20446	11	1.007	1.079
685	V	0.57198	0.10191	0.06780	0.05082	0.04021	0.03285	0.02751	0.02370	0.02167	0.03791	0.02364	1	0.271	0.484
686	T	0.59590	0.10421	0.06790	0.04985	0.03862	0.03090	0.02533	0.02137	0.01913	0.03271	0.01408	1	0.232	0.392
687	A	0.58503	0.10321	0.06792	0.05036	0.03941	0.03184	0.02637	0.02247	0.02032	0.03512	0.01795	1	0.249	0.431
688	P	0.57445	0.10217	0.06784	0.05076	0.04009	0.03268	0.02731	0.02348	0.02143	0.03741	0.02237	1	0.266	0.472
689	K	0.11855	0.06020	0.06584	0.06832	0.06881	0.06811	0.06690	0.06614	0.06845	0.13713	0.21156	11	1.029	1.097
690	N	0.61547	0.10579	0.06758	0.04864	0.03695	0.02898	0.02329	0.01926	0.01690	0.02828	0.00884	1	0.207	0.333
691	V	0.57972	0.10269	0.06788	0.05056	0.03975	0.03226	0.02684	0.02297	0.02088	0.03626	0.02018	1	0.258	0.452
692	S	0.57490	0.10222	0.06785	0.05075	0.04006	0.03265	0.02727	0.02344	0.02139	0.03731	0.02217	1	0.266	0.470
693	D	0.59116	0.10378	0.06791	0.05008	0.03897	0.03132	0.02579	0.02185	0.01965	0.03376	0.01572	1	0.239	0.409
694	I	0.57813	0.10254	0.06787	0.05063	0.03985	0.03239	0.02699	0.02313	0.02105	0.03661	0.02081	1	0.260	0.458
695	I	0.60300	0.10481	0.06782	0.04944	0.03804	0.03023	0.02461	0.02062	0.01833	0.03111	0.01200	1	0.223	0.369
696	P	0.57415	0.10214	0.06784	0.05077	0.04010	0.03271	0.02734	0.02351	0.02146	0.03747	0.02251	1	0.267	0.473
697	R	0.58784	0.10349	0.06793	0.05025	0.03923	0.03162	0.02612	0.02219	0.02002	0.03451	0.01680	1	0.244	0.419
698	T	0.13598	0.06716	0.07223	0.07377	0.07316	0.07133	0.06904	0.06728	0.06868	0.13603	0.16534	11	0.886	0.968
699	E	0.60108	0.10464	0.06784	0.04955	0.03820	0.03041	0.02481	0.02082	0.01855	0.03154	0.01257	1	0.225	0.376
700	V	0.59699	0.10429	0.06787	0.04977	0.03852	0.03079	0.02521	0.02125	0.01900	0.03246	0.01384	1	0.231	0.389
701	E	0.60108	0.10464	0.06784	0.04955	0.03820	0.03041	0.02481	0.02082	0.01855	0.03154	0.01257	1	0.225	0.376
702	K	0.00589	0.00982	0.01812	0.02650	0.03443	0.04169	0.04832	0.05485	0.06367	0.13734	0.55936	11	2.171	1.480
703	A	0.57009	0.10172	0.06778	0.05089	0.04033	0.03300	0.02767	0.02387	0.02187	0.03832	0.02447	1	0.275	0.491
704	I	0.57813	0.10254	0.06787	0.05063	0.03985	0.03239	0.02699	0.02313	0.02105	0.03661	0.02081	1	0.260	0.458
705	R	0.11960	0.06064	0.06626	0.06870	0.06914	0.06838	0.06711	0.06629	0.06856	0.13725	0.20806	11	1.018	1.087
706	M	0.00000	0.00000	0.00002	0.00009	0.00024	0.00052	0.00097	0.00166	0.00276	0.00825	0.98547	11	3.549	0.961
707	S	0.55334	0.09989	0.06740	0.05125	0.04113	0.03408	0.02894	0.02529	0.02346	0.04167	0.03355	1	0.309	0.566
708	R	0.56020	0.10060	0.06749	0.05104	0.04073	0.03357	0.02836	0.02466	0.02276	0.04021	0.03037	1	0.297	0.543
709	S	0.11313	0.05796	0.06372	0.06646	0.06727	0.06689	0.06601	0.06555	0.06814	0.13699	0.22787	11	1.080	1.139
710	R	0.56327	0.10099	0.06764	0.05106	0.04067	0.03345	0.02820	0.02446	0.02253	0.03969	0.02804	1	0.288	0.522
711	I	0.57813	0.10254	0.06787	0.05063	0.03985	0.03239	0.02699	0.02313	0.02105	0.03661	0.02081	1	0.260	0.458
712	N	0.61547	0.10579	0.06758	0.04864	0.03695	0.02898	0.02329	0.01926	0.01690	0.02828	0.00884	1	0.207	0.333
713	D	0.61547	0.10579	0.06758	0.04864	0.03695	0.02898	0.02329	0.01926	0.01690	0.02828	0.00885	1	0.207	0.333
714	A	0.59590	0.10421	0.06790	0.04985	0.03862	0.03090	0.02533	0.02137	0.01913	0.03271	0.01409	1	0.232	0.392
715	F	0.56610	0.10130	0.06771	0.05100	0.04054	0.03328	0.02800	0.02423	0.02227	0.03915	0.02642	1	0.282	0.508
716	R	0.00001	0.00007	0.00025	0.00061	0.00117	0.00198	0.00304	0.00444	0.00647	0.01734	0.96461	11	3.488	1.033
717	L	0.54190	0.09854	0.06700	0.05134	0.04152	0.03468	0.02968	0.02614	0.02444	0.04378	0.04097	1	0.336	0.623
718	N	0.61547	0.10579	0.06758	0.04864	0.03695	0.02898	0.02329	0.01926	0.01690	0.02828	0.00884	1	0.207	0.333
719	D	0.59099	0.10376	0.06792	0.05009	0.03899	0.03133	0.02581	0.02187	0.01967	0.03380	0.01576	1	0.239	0.409
720	N	0.12746	0.06381	0.06918	0.07120	0.07114	0.06987	0.06811	0.06684	0.06869	0.13681	0.18690	11	0.952	1.030
721	S	0.57729	0.10247	0.06788	0.05067	0.03992	0.03247	0.02707	0.02322	0.02114	0.03681	0.02105	1	0.261	0.460
722	L	0.54194	0.09854	0.06701	0.05134	0.04152	0.03467	0.02968	0.02613	0.02444	0.04377	0.04095	1	0.336	0.623
723	E	0.59400	0.10403	0.06790	0.04994	0.03876	0.03106	0.02551	0.02156	0.01934	0.03313	0.01477	1	0.235	0.399
724	F	0.58614	0.10332	0.06792	0.05032	0.03934	0.03175	0.02627	0.02236	0.02020	0.03488	0.01751	1	0.247	0.426
725	L	0.54190	0.09854	0.06700	0.05134	0.04152	0.03468	0.02968	0.02614	0.02444	0.04378	0.04097	1	0.336	0.623
726	G	0.57774	0.10251	0.06788	0.05065	0.03989	0.03244	0.02703	0.02317	0.02109	0.03671	0.02088	1	0.261	0.458
727	I	0.61070	0.10543	0.06770	0.04897	0.03739	0.02947	0.02381	0.01979	0.01745	0.02936	0.00991	1	0.213	0.345
728	Q	0.00007	0.00033	0.00102	0.00212	0.00362	0.00548	0.00768	0.01031	0.01394	0.03484	0.92061	11	3.354	1.160
729	P	0.00009	0.00043	0.00132	0.00274	0.00465	0.00698	0.00972	0.01295	0.01736	0.04302	0.90073	11	3.290	1.206
730	T	0.58496	0.10320	0.06792	0.05036	0.03942	0.03185	0.02638	0.02247	0.02033	0.03514	0.01798	1	0.249	0.431
731	L	0.57900	0.10263	0.06788	0.05060	0.03980	0.03233	0.02691	0.02305	0.02096	0.03643	0.02040	1	0.259	0.454
732	G	0.00000	0.00003	0.00014	0.00039	0.00084	0.00153	0.00249	0.00378	0.00569	0.01565	0.96945	11	3.502	1.016
733	P	0.57445	0.10217	0.06784	0.05076	0.04009	0.03268	0.02731	0.02348	0.02143	0.03741	0.02237	1	0.266	0.472
734	P	0.57445	0.10217	0.06784	0.05076	0.04009	0.03268	0.02731	0.02348	0.02143	0.03741	0.02237	1	0.266	0.472
735	N	0.10132	0.05286	0.05875	0.06191	0.06330	0.06358	0.06335	0.06351	0.06662	0.13492	0.26988	11	1.214	1.242
736	Q	0.55468	0.10004	0.06744	0.05123	0.04107	0.03400	0.02885	0.02518	0.02334	0.04141	0.03276	1	0.306	0.560
737	P	0.00331	0.00559	0.01054	0.01579	0.02101	0.02608	0.03098	0.03608	0.04299	0.09556	0.71207	11	2.682	1.483
738	P	0.09829	0.05153	0.05744	0.06070	0.06223	0.06267	0.06261	0.06293	0.06617	0.13425	0.28118	11	1.250	1.267
739	V	0.00755	0.01238	0.02251	0.03245	0.04157	0.04964	0.05673	0.06351	0.07268	0.15456	0.48644	11	1.931	1.425
740	S	0.10152	0.05295	0.05884	0.06200	0.06337	0.06364	0.06340	0.06356	0.06666	0.13498	0.26907	11	1.211	1.240
741	I	0.14559	0.07082	0.07545	0.07637	0.07508	0.07258	0.06966	0.06734	0.06822	0.13426	0.14463	1	0.823	0.906
742	W	0.53602	0.09782	0.06677	0.05136	0.04169	0.03495	0.03003	0.02654	0.02492	0.04481	0.04508	1	0.351	0.652
743	L	0.54319	0.09870	0.06705	0.05134	0.04148	0.03461	0.02960	0.02605	0.02434	0.04355	0.04009	1	0.333	0.616
744	I	0.60337	0.10484	0.06781	0.04942	0.03802	0.03019	0.02457	0.02058	0.01829	0.03102	0.01188	1	0.222	0.368
745	V	0.59820	0.10440	0.06786	0.04971	0.03843	0.03067	0.02509	0.02112	0.01887	0.03219	0.01345	1	0.229	0.385
746	F	0.58717	0.10342	0.06793	0.05027	0.03927	0.03167	0.02618	0.02226	0.02009	0.03465	0.01709	1	0.245	0.422
747	G	0.58338	0.10306	0.06792	0.05044	0.03953	0.03199	0.02653	0.02263	0.02050	0.03549	0.01854	1	0.251	0.436
748	V	0.58860	0.10354	0.06791	0.05019	0.03915	0.03154	0.02603	0.02211	0.01993	0.03433	0.01667	1	0.243	0.418
749	V	0.57943	0.10266	0.06788	0.05057	0.03977	0.03229	0.02687	0.02300	0.02091	0.03633	0.02030	1	0.258	0.453
750	M	0.15769	0.07531	0.07934	0.07945	0.07729	0.07395	0.07026	0.06724	0.06747	0.13170	0.12031	1	0.750	0.827
751	G	0.11812	0.06003	0.06568	0.06819	0.06871	0.06803	0.06685	0.06611	0.06845	0.13717	0.21265	11	1.032	1.100
752	V	0.13211	0.06565	0.07087	0.07264	0.07229	0.07072	0.06867	0.06713	0.06874	0.13650	0.17467	11	0.915	0.995
753	I	0.13990	0.06867	0.07358	0.07489	0.07401	0.07191	0.06937	0.06738	0.06858	0.13547	0.15623	11	0.858	0.940
754	V	0.11528	0.05883	0.06453	0.06714	0.06781	0.06729	0.06627	0.06568	0.06815	0.13681	0.22221	11	1.062	1.126
755	V	0.13020	0.06488	0.07015	0.07201	0.07176	0.07030	0.06837	0.06693	0.06864	0.13647	0.18029	11	0.932	1.012
756	G	0.57033	0.10175	0.06779	0.05089	0.04032	0.03299	0.02766	0.02386	0.02185	0.03827	0.02430	1	0.274	0.489
757	I	0.14136	0.06922	0.07404	0.07524	0.07425	0.07204	0.06940	0.06732	0.06843	0.13505	0.15367	11	0.851	0.934
758	V	0.57266	0.10198	0.06781	0.05080	0.04017	0.03280	0.02745	0.02364	0.02161	0.03777	0.02331	1	0.270	0.481
759	I	0.00453	0.00761	0.01420	0.02101	0.02761	0.03382	0.03967	0.04558	0.05357	0.11721	0.63517	11	2.425	1.503
760	L	0.54185	0.09852	0.06698	0.05132	0.04150	0.03465	0.02966	0.02612	0.02442	0.04375	0.04124	1	0.337	0.625
761	I	0.57813	0.10254	0.06787	0.05063	0.03985	0.03239	0.02699	0.02313	0.02105	0.03661	0.02081	1	0.260	0.458
762	F	0.10279	0.05352	0.05941	0.06254	0.06386	0.06407	0.06377	0.06386	0.06692	0.13540	0.26387	11	1.194	1.227
763	T	0.59590	0.10421	0.06790	0.04985	0.03862	0.03090	0.02533	0.02137	0.01913	0.03271	0.01408	1	0.232	0.392
764	G	0.57765	0.10250	0.06788	0.05065	0.03989	0.03244	0.02704	0.02318	0.02110	0.03672	0.02094	1	0.261	0.459
765	I	0.57813	0.10254	0.06787	0.05063	0.03985	0.03239	0.02699	0.02313	0.02105	0.03661	0.02081	1	0.260	0.458
766	R	0.58784	0.10349	0.06793	0.05025	0.03923	0.03162	0.02612	0.02219	0.02002	0.03451	0.01680	1	0.244	0.419
767	D	0.61547	0.10579	0.06758	0.04864	0.03695	0.02898	0.02329	0.01926	0.01690	0.02828	0.00885	1	0.207	0.333
768	R	0.54754	0.09922	0.06721	0.05131	0.04134	0.03440	0.02933	0.02573	0.02397	0.04276	0.03718	1	0.322	0.594
769	K	0.59406	0.10403	0.06789	0.04993	0.03875	0.03105	0.02550	0.02155	0.01933	0.03311	0.01479	1	0.235	0.399
770	K	0.59400	0.10403	0.06790	0.04994	0.03876	0.03106	0.02551	0.02156	0.01934	0.03313	0.01477	1	0.235	0.399
771	K	0.60108	0.10464	0.06784	0.04955	0.03820	0.03041	0.02481	0.02082	0.01855	0.03154	0.01256	1	0.225	0.376
772	N	0.61547	0.10579	0.06758	0.04864	0.03695	0.02898	0.02329	0.01926	0.01690	0.02828	0.00884	1	0.207	0.333
773	K	0.00652	0.01079	0.01980	0.02877	0.03717	0.04474	0.05155	0.05818	0.06714	0.14399	0.53134	11	2.079	1.464
774	A	0.58534	0.10324	0.06792	0.05035	0.03939	0.03182	0.02634	0.02244	0.02029	0.03505	0.01783	1	0.248	0.430
775	R	0.58784	0.10349	0.06793	0.05025	0.03923	0.03162	0.02612	0.02219	0.02002	0.03451	0.01680	1	0.244	0.419
776	S	0.14061	0.06896	0.07386	0.07513	0.07422	0.07208	0.06949	0.06747	0.06863	0.13551	0.15406	11	0.852	0.933
777	G	0.13871	0.06820	0.07313	0.07449	0.07368	0.07165	0.06917	0.06725	0.06850	0.13542	0.15982	11	0.869	0.953
778	E	0.60108	0.10464	0.06784	0.04955	0.03820	0.03041	0.02481	0.02082	0.01855	0.03154	0.01257	1	0.225	0.376
779	N	0.61502	0.10575	0.06759	0.04867	0.03699	0.02902	0.02334	0.01931	0.01695	0.02839	0.00897	1	0.208	0.334
780	P	0.57445	0.10217	0.06784	0.05076	0.04009	0.03268	0.02731	0.02348	0.02143	0.03741	0.02237	1	0.266	0.472
781	Y	0.58432	0.10314	0.06791	0.05038	0.03945	0.03190	0.02643	0.02253	0.02039	0.03527	0.01827	1	0.250	0.434
782	A	0.57150	0.10187	0.06780	0.05085	0.04025	0.03290	0.02756	0.02375	0.02173	0.03802	0.02379	1	0.272	0.485
783	S	0.00328	0.00553	0.01044	0.01563	0.02081	0.02584	0.03071	0.03578	0.04266	0.09487	0.71446	11	2.690	1.481
784	I	0.00627	0.01040	0.01909	0.02780	0.03597	0.04337	0.05006	0.05660	0.06544	0.14063	0.54437	11	2.123	1.474
785	D	0.61547	0.10579	0.06758	0.04864	0.03695	0.02898	0.02329	0.01926	0.01690	0.02828	0.00885	1	0.207	0.333
786	I	0.00790	0.01292	0.02343	0.03368	0.04304	0.05126	0.05843	0.06524	0.07447	0.15794	0.47168	11	1.883	1.409
787	S	0.00014	0.00070	0.00214	0.00439	0.00732	0.01084	0.01485	0.01947	0.02567	0.06229	0.85220	11	3.132	1.299
788	K	0.00773	0.01266	0.02299	0.03309	0.04233	0.05047	0.05760	0.06439	0.07359	0.15627	0.47886	11	1.907	1.418
789	G	0.58338	0.10306	0.06792	0.05044	0.03953	0.03199	0.02653	0.02263	0.02050	0.03549	0.01854	1	0.251	0.436
790	E	0.60108	0.10464	0.06784	0.04955	0.03820	0.03041	0.02481	0.02082	0.01855	0.03154	0.01257	1	0.225	0.376
791	N	0.15611	0.07473	0.07884	0.07905	0.07701	0.07378	0.07019	0.06727	0.06758	0.13206	0.12338	1	0.759	0.837
792	N	0.61547	0.10579	0.06758	0.04864	0.03695	0.02898	0.02329	0.01926	0.01690	0.02828	0.00884	1	0.207	0.333
793	P	0.56560	0.10125	0.06770	0.05101	0.04057	0.03331	0.02803	0.02427	0.02232	0.03925	0.02668	1	0.283	0.510
794	G	0.58338	0.10306	0.06792	0.05044	0.03953	0.03199	0.02653	0.02263	0.02050	0.03549	0.01854	1	0.251	0.436
795	F	0.56610	0.10130	0.06771	0.05100	0.04054	0.03328	0.02800	0.02423	0.02227	0.03915	0.02642	1	0.282	0.508
796	Q	0.00376	0.00633	0.01190	0.01774	0.02350	0.02901	0.03430	0.03973	0.04710	0.10404	0.68257	11	2.584	1.495
797	N	0.59099	0.10376	0.06792	0.05009	0.03899	0.03133	0.02581	0.02187	0.01967	0.03380	0.01576	1	0.239	0.409
798	T	0.12814	0.06411	0.06949	0.07150	0.07142	0.07012	0.06833	0.06703	0.06886	0.13709	0.18390	11	0.943	1.020
799	D	0.15568	0.07456	0.07866	0.07889	0.07686	0.07365	0.07008	0.06718	0.06752	0.13198	0.12494	1	0.764	0.844
800	D	0.14962	0.07233	0.07677	0.07742	0.07585	0.07307	0.06990	0.06735	0.06801	0.13348	0.13622	1	0.798	0.879
801	V	0.59820	0.10440	0.06786	0.04971	0.03843	0.03067	0.02509	0.02112	0.01887	0.03219	0.01345	1	0.229	0.385
802	Q	0.55468	0.10004	0.06744	0.05123	0.04107	0.03400	0.02885	0.02518	0.02334	0.04141	0.03276	1	0.306	0.560
803	T	0.57048	0.10176	0.06778	0.05088	0.04031	0.03297	0.02764	0.02384	0.02183	0.03823	0.02428	1	0.274	0.489
804	S	0.55334	0.09989	0.06740	0.05125	0.04113	0.03408	0.02894	0.02529	0.02346	0.04167	0.03355	1	0.309	0.566
805	F	0.58717	0.10342	0.06793	0.05027	0.03927	0.03167	0.02618	0.02226	0.02009	0.03465	0.01709	1	0.245	0.422
806	-	0.49457	0.09225	0.06440	0.05066	0.04207	0.03607	0.03170	0.02866	0.02753	0.05073	0.08136	1	0.481	0.878
